motivo,contrato,numeroOs,tipoOs,cod,status,receitaApp,toaData,basesAna,valorAna
AUSENTE_ANALITICO,170584100,2643664380,1 - ADESAO - INSTALACAO DE ASSINATURA,409,Executada,279.06,2026-07-01,,0
AUSENTE_ANALITICO,170584100,2643664391,43 - ADESAO - INSTALAR PONTO VIRTUA,409,Executada,414.61,2026-07-01,,0
AUSENTE_ANALITICO,170584282,2643679892,1 - ADESAO - INSTALACAO DE ASSINATURA,409,Executada,279.06,2026-07-01,,0
AUSENTE_ANALITICO,170584282,2643679904,43 - ADESAO - INSTALAR PONTO VIRTUA,409,Executada,414.61,2026-07-01,,0
AUSENTE_ANALITICO,170584150,2643665482,1 - ADESAO - INSTALACAO DE ASSINATURA,409,Executada,279.06,2026-07-01,,0
AUSENTE_ANALITICO,170584150,2643665493,43 - ADESAO - INSTALAR PONTO VIRTUA,409,Executada,414.61,2026-07-01,,0
AUSENTE_ANALITICO,170564788,2640370077,1 - ADESAO - INSTALACAO DE ASSINATURA,409,Executada,279.06,2026-07-01,,0
AUSENTE_ANALITICO,170564788,2640370088,43 - ADESAO - INSTALAR PONTO VIRTUA,409,Executada,414.61,2026-07-01,,0
AUSENTE_ANALITICO,95192438,2641681871,24 - MUDANCA DE PACOTE,409,Executada,98.81,2026-07-01,,0
AUSENTE_ANALITICO,167790530,2643116618,45 - MUDANCA DE ENDERECO - INSTALAR PONTO ADICIONAL VIRTUA,409,Executada,199.33,2026-07-01,,0
AUSENTE_ANALITICO,170583561,2643547672,1 - ADESAO - INSTALACAO DE ASSINATURA,409,Executada,279.06,2026-07-01,,0
AUSENTE_ANALITICO,170583561,2643547683,43 - ADESAO - INSTALAR PONTO VIRTUA,409,Executada,414.61,2026-07-01,,0
AUSENTE_ANALITICO,170585750,2643959646,1 - ADESAO - INSTALACAO DE ASSINATURA,409,Executada,279.06,2026-07-01,,0
AUSENTE_ANALITICO,170585750,2643959657,43 - ADESAO - INSTALAR PONTO VIRTUA,409,Executada,414.61,2026-07-01,,0
AUSENTE_ANALITICO,170585602,2643945551,1 - ADESAO - INSTALACAO DE ASSINATURA,409,Executada,279.06,2026-07-01,,0
AUSENTE_ANALITICO,170585602,2643945562,43 - ADESAO - INSTALAR PONTO VIRTUA,409,Executada,414.61,2026-07-01,,0
AUSENTE_ANALITICO,170583430,2643530001,1 - ADESAO - INSTALACAO DE ASSINATURA,409,Executada,279.06,2026-07-01,,0
AUSENTE_ANALITICO,170583430,2643530023,43 - ADESAO - INSTALAR PONTO VIRTUA,409,Executada,414.61,2026-07-01,,0
AUSENTE_ANALITICO,170297763,2642567639,24 - MUDANCA DE PACOTE,409,Executada,98.81,2026-07-01,,0
AUSENTE_ANALITICO,170583960,2643628021,1 - ADESAO - INSTALACAO DE ASSINATURA,409,Executada,279.06,2026-07-01,,0
AUSENTE_ANALITICO,170583960,2643628032,43 - ADESAO - INSTALAR PONTO VIRTUA,409,Executada,414.61,2026-07-01,,0
AUSENTE_ANALITICO,170586099,2643996108,1 - ADESAO - INSTALACAO DE ASSINATURA,409,Executada,279.06,2026-07-01,,0
AUSENTE_ANALITICO,170586099,2643996119,43 - ADESAO - INSTALAR PONTO VIRTUA,409,Executada,414.61,2026-07-01,,0
AUSENTE_ANALITICO,6021742,2625683178,12 - MUDANCA DE ENDERECO - INSTALAR ASSINATURA,409,Executada,269.89,2026-07-01,,0
AUSENTE_ANALITICO,6021742,2625683189,45 - MUDANCA DE ENDERECO - INSTALAR PONTO ADICIONAL VIRTUA,409,Executada,199.33,2026-07-01,,0
AUSENTE_ANALITICO,1556222,2625901621,1 - ADESAO - INSTALACAO DE ASSINATURA,409,Executada,279.06,2026-07-01,,0
AUSENTE_ANALITICO,1556222,2625901632,43 - ADESAO - INSTALAR PONTO VIRTUA,409,Executada,414.61,2026-07-01,,0
AUSENTE_ANALITICO,1556028,2625587340,1 - ADESAO - INSTALACAO DE ASSINATURA,409,Executada,279.06,2026-07-01,,0
AUSENTE_ANALITICO,1556028,2625587351,43 - ADESAO - INSTALAR PONTO VIRTUA,409,Executada,414.61,2026-07-01,,0
AUSENTE_ANALITICO,170584932,2643858284,1 - ADESAO - INSTALACAO DE ASSINATURA,409,Executada,279.06,2026-07-03,,0
AUSENTE_ANALITICO,170584932,2643858307,43 - ADESAO - INSTALAR PONTO VIRTUA,409,Executada,414.61,2026-07-03,,0
VALOR_ZERO_OU_OUTRO,167709392,2641296356,156 - INSTALACAO WIFI MESH,409,Executada,105.38,2026-07-03,,0
VALOR_ZERO_OU_OUTRO,167709392,2641296367,156 - INSTALACAO WIFI MESH,409,Executada,105.38,2026-07-03,,0
AUSENTE_ANALITICO,170584606,2643795666,1 - ADESAO - INSTALACAO DE ASSINATURA,409,Executada,279.06,2026-07-03,,0
AUSENTE_ANALITICO,170584606,2643795677,43 - ADESAO - INSTALAR PONTO VIRTUA,409,Executada,414.61,2026-07-03,,0
AUSENTE_ANALITICO,170584509,2643768307,516 - ADESAO ENTREGA STREAMING,409,Executada,38.56,2026-07-03,,0
AUSENTE_ANALITICO,170584509,2643768318,43 - ADESAO - INSTALAR PONTO VIRTUA,409,Executada,414.61,2026-07-03,,0
AUSENTE_ANALITICO,170584924,2643856642,1 - ADESAO - INSTALACAO DE ASSINATURA,409,Executada,279.06,2026-07-03,,0
AUSENTE_ANALITICO,170584924,2643856653,43 - ADESAO - INSTALAR PONTO VIRTUA,409,Executada,414.61,2026-07-03,,0
AUSENTE_ANALITICO,167051710,2643356333,24 - MUDANCA DE PACOTE,409,Executada,98.81,2026-07-03,,0
AUSENTE_ANALITICO,170585637,2643945753,51 - ADESAO - INSTALACAO DE ASSINATURA DIGITAL,409,Executada,279.06,2026-07-03,,0
AUSENTE_ANALITICO,170585637,2643945764,43 - ADESAO - INSTALAR PONTO VIRTUA,409,Executada,414.61,2026-07-03,,0
AUSENTE_ANALITICO,170584541,2643782561,1 - ADESAO - INSTALACAO DE ASSINATURA,409,Executada,279.06,2026-07-03,,0
AUSENTE_ANALITICO,170584541,2643782572,43 - ADESAO - INSTALAR PONTO VIRTUA,409,Executada,414.61,2026-07-03,,0
AUSENTE_ANALITICO,170585840,2643970054,1 - ADESAO - INSTALACAO DE ASSINATURA,409,Executada,279.06,2026-07-03,,0
AUSENTE_ANALITICO,170585840,2643970065,43 - ADESAO - INSTALAR PONTO VIRTUA,409,Executada,414.61,2026-07-03,,0
AUSENTE_ANALITICO,1464360,2626072137,12 - MUDANCA DE ENDERECO - INSTALAR ASSINATURA,409,Executada,269.89,2026-07-03,,0
AUSENTE_ANALITICO,1464360,2626072148,45 - MUDANCA DE ENDERECO - INSTALAR PONTO ADICIONAL VIRTUA,409,Executada,199.33,2026-07-03,,0
AUSENTE_ANALITICO,1519629,2625962279,12 - MUDANCA DE ENDERECO - INSTALAR ASSINATURA,409,Executada,269.89,2026-07-03,,0
AUSENTE_ANALITICO,1519629,2625962280,45 - MUDANCA DE ENDERECO - INSTALAR PONTO ADICIONAL VIRTUA,409,Executada,199.33,2026-07-03,,0
AUSENTE_ANALITICO,1556443,2626150178,1 - ADESAO - INSTALACAO DE ASSINATURA,409,Executada,279.06,2026-07-03,,0
AUSENTE_ANALITICO,1556443,2626150189,43 - ADESAO - INSTALAR PONTO VIRTUA,409,Executada,414.61,2026-07-03,,0
AUSENTE_ANALITICO,167278804,2642403739,44 - INSTALAR PONTO VIRTUA,409,Executada,199.33,2026-07-03,,0
AUSENTE_ANALITICO,167278804,2642403751,24 - MUDANCA DE PACOTE,409,Executada,98.81,2026-07-03,,0
AUSENTE_ANALITICO,170586072,2643994522,1 - ADESAO - INSTALACAO DE ASSINATURA,409,Executada,279.06,2026-07-04,,0
AUSENTE_ANALITICO,170586072,2643994533,43 - ADESAO - INSTALAR PONTO VIRTUA,409,Executada,414.61,2026-07-04,,0
AUSENTE_ANALITICO,170586463,2644059345,1 - ADESAO - INSTALACAO DE ASSINATURA,409,Executada,279.06,2026-07-04,,0
AUSENTE_ANALITICO,170586463,2644059356,43 - ADESAO - INSTALAR PONTO VIRTUA,409,Executada,414.61,2026-07-04,,0
AUSENTE_ANALITICO,170584380,2643741690,1 - ADESAO - INSTALACAO DE ASSINATURA,409,Executada,279.06,2026-07-04,,0
AUSENTE_ANALITICO,170584380,2643741702,43 - ADESAO - INSTALAR PONTO VIRTUA,409,Executada,414.61,2026-07-04,,0
AUSENTE_ANALITICO,170586277,2644024493,1 - ADESAO - INSTALACAO DE ASSINATURA,409,Executada,279.06,2026-07-04,,0
AUSENTE_ANALITICO,170586277,2644024505,43 - ADESAO - INSTALAR PONTO VIRTUA,409,Executada,414.61,2026-07-04,,0
AUSENTE_ANALITICO,170448397,2644062440,12 - MUDANCA DE ENDERECO - INSTALAR ASSINATURA,409,Executada,269.89,2026-07-04,,0
AUSENTE_ANALITICO,170448397,2644062451,45 - MUDANCA DE ENDERECO - INSTALAR PONTO ADICIONAL VIRTUA,409,Executada,199.33,2026-07-04,,0
AUSENTE_ANALITICO,170588547,2644447357,516 - ADESAO ENTREGA STREAMING,409,Executada,38.56,2026-07-04,,0
AUSENTE_ANALITICO,170588547,2644447368,43 - ADESAO - INSTALAR PONTO VIRTUA,409,Executada,414.61,2026-07-04,,0
AUSENTE_ANALITICO,169945247,2644036014,45 - MUDANCA DE ENDERECO - INSTALAR PONTO ADICIONAL VIRTUA,409,Executada,199.33,2026-07-04,,0
AUSENTE_ANALITICO,170586404,2644053451,1 - ADESAO - INSTALACAO DE ASSINATURA,409,Executada,279.06,2026-07-04,,0
AUSENTE_ANALITICO,170586404,2644053462,43 - ADESAO - INSTALAR PONTO VIRTUA,409,Executada,414.61,2026-07-04,,0
AUSENTE_ANALITICO,170585947,2643983148,1 - ADESAO - INSTALACAO DE ASSINATURA,409,Executada,279.06,2026-07-04,,0
AUSENTE_ANALITICO,170585947,2643983159,43 - ADESAO - INSTALAR PONTO VIRTUA,409,Executada,414.61,2026-07-04,,0
AUSENTE_ANALITICO,170586340,2644036261,1 - ADESAO - INSTALACAO DE ASSINATURA,409,Executada,279.06,2026-07-04,,0
AUSENTE_ANALITICO,170586340,2644036272,43 - ADESAO - INSTALAR PONTO VIRTUA,409,Executada,414.61,2026-07-04,,0
AUSENTE_ANALITICO,170587052,2644119195,1 - ADESAO - INSTALACAO DE ASSINATURA,409,Executada,279.06,2026-07-06,,0
AUSENTE_ANALITICO,170587052,2644119207,43 - ADESAO - INSTALAR PONTO VIRTUA,409,Executada,414.61,2026-07-06,,0
AUSENTE_ANALITICO,170587737,2644261777,1 - ADESAO - INSTALACAO DE ASSINATURA,409,Executada,279.06,2026-07-06,,0
AUSENTE_ANALITICO,170587737,2644261788,43 - ADESAO - INSTALAR PONTO VIRTUA,409,Executada,414.61,2026-07-06,,0
AUSENTE_ANALITICO,168493822,2644178932,33 - REINSTALACAO - ASSINATURA,409,Executada,115.67,2026-07-06,,0
AUSENTE_ANALITICO,168493822,2644178943,46 - REINSTALACAO - PONTO ADICIONAL VIRTUA,409,Executada,199.33,2026-07-06,,0
VALOR_ZERO_OU_OUTRO,169530322,2644218375,15 - MUDANCA DE LOCAL DE PONTO,409,Executada,167.07,2026-07-06,,0
AUSENTE_ANALITICO,170587060,2644119353,1 - ADESAO - INSTALACAO DE ASSINATURA,409,Executada,279.06,2026-07-06,,0
AUSENTE_ANALITICO,170587060,2644119364,43 - ADESAO - INSTALAR PONTO VIRTUA,409,Executada,414.61,2026-07-06,,0
AUSENTE_ANALITICO,170587257,2644146139,1 - ADESAO - INSTALACAO DE ASSINATURA,409,Executada,279.06,2026-07-06,,0
AUSENTE_ANALITICO,170587257,2644146140,43 - ADESAO - INSTALAR PONTO VIRTUA,409,Executada,414.61,2026-07-06,,0
AUSENTE_ANALITICO,170587940,2644301479,1 - ADESAO - INSTALACAO DE ASSINATURA,409,Executada,279.06,2026-07-06,,0
AUSENTE_ANALITICO,170587940,2644301480,43 - ADESAO - INSTALAR PONTO VIRTUA,409,Executada,414.61,2026-07-06,,0
AUSENTE_ANALITICO,170586498,2644060628,51 - ADESAO - INSTALACAO DE ASSINATURA DIGITAL,409,Executada,279.06,2026-07-06,,0
AUSENTE_ANALITICO,170586498,2644060639,43 - ADESAO - INSTALAR PONTO VIRTUA,409,Executada,414.61,2026-07-06,,0
AUSENTE_ANALITICO,170586358,2644037217,1 - ADESAO - INSTALACAO DE ASSINATURA,409,Executada,279.06,2026-07-06,,0
AUSENTE_ANALITICO,170586358,2644037228,43 - ADESAO - INSTALAR PONTO VIRTUA,409,Executada,414.61,2026-07-06,,0
AUSENTE_ANALITICO,170586706,2644083218,1 - ADESAO - INSTALACAO DE ASSINATURA,409,Executada,279.06,2026-07-06,,0
AUSENTE_ANALITICO,170586706,2644083229,43 - ADESAO - INSTALAR PONTO VIRTUA,409,Executada,414.61,2026-07-06,,0
AUSENTE_ANALITICO,170586773,2644090137,1 - ADESAO - INSTALACAO DE ASSINATURA,409,Executada,279.06,2026-07-06,,0
AUSENTE_ANALITICO,170586773,2644090159,43 - ADESAO - INSTALAR PONTO VIRTUA,409,Executada,414.61,2026-07-06,,0
AUSENTE_ANALITICO,170583596,2643556717,1 - ADESAO - INSTALACAO DE ASSINATURA,409,Executada,279.06,2026-07-06,,0
AUSENTE_ANALITICO,170583596,2643556728,43 - ADESAO - INSTALAR PONTO VIRTUA,409,Executada,414.61,2026-07-06,,0
AUSENTE_ANALITICO,169012054,2643859454,156 - INSTALACAO WIFI MESH,409,Executada,105.38,2026-07-06,,0
AUSENTE_ANALITICO,169012054,2643859465,156 - INSTALACAO WIFI MESH,409,Executada,105.38,2026-07-06,,0
AUSENTE_ANALITICO,170587168,2644132336,1 - ADESAO - INSTALACAO DE ASSINATURA,409,Executada,279.06,2026-07-06,,0
AUSENTE_ANALITICO,170587168,2644132347,43 - ADESAO - INSTALAR PONTO VIRTUA,409,Executada,414.61,2026-07-06,,0
AUSENTE_ANALITICO,170083569,2644857385,24 - MUDANCA DE PACOTE,409,Executada,98.81,2026-07-06,,0
AUSENTE_ANALITICO,170589233,2644590604,1 - ADESAO - INSTALACAO DE ASSINATURA,409,Executada,279.06,2026-07-07,,0
AUSENTE_ANALITICO,170589233,2644590615,43 - ADESAO - INSTALAR PONTO VIRTUA,409,Executada,414.61,2026-07-07,,0
AUSENTE_ANALITICO,170588792,2644496845,1 - ADESAO - INSTALACAO DE ASSINATURA,409,Executada,279.06,2026-07-07,,0
AUSENTE_ANALITICO,170588792,2644496856,43 - ADESAO - INSTALAR PONTO VIRTUA,409,Executada,414.61,2026-07-07,,0
AUSENTE_ANALITICO,170589462,2644609649,1 - ADESAO - INSTALACAO DE ASSINATURA,409,Executada,279.06,2026-07-07,,0
AUSENTE_ANALITICO,170589462,2644609650,43 - ADESAO - INSTALAR PONTO VIRTUA,409,Executada,414.61,2026-07-07,,0
AUSENTE_ANALITICO,170588865,2644546548,1 - ADESAO - INSTALACAO DE ASSINATURA,409,Executada,279.06,2026-07-07,,0
AUSENTE_ANALITICO,170588865,2644546559,43 - ADESAO - INSTALAR PONTO VIRTUA,409,Executada,414.61,2026-07-07,,0
AUSENTE_ANALITICO,170591734,2644984690,516 - ADESAO ENTREGA STREAMING,409,Executada,38.56,2026-07-07,,0
AUSENTE_ANALITICO,170591734,2644984702,43 - ADESAO - INSTALAR PONTO VIRTUA,409,Executada,414.61,2026-07-07,,0
AUSENTE_ANALITICO,170589683,2644651400,1 - ADESAO - INSTALACAO DE ASSINATURA,409,Executada,279.06,2026-07-07,,0
AUSENTE_ANALITICO,170589683,2644651422,43 - ADESAO - INSTALAR PONTO VIRTUA,409,Executada,414.61,2026-07-07,,0
AUSENTE_ANALITICO,170588784,2644490861,1 - ADESAO - INSTALACAO DE ASSINATURA,409,Executada,279.06,2026-07-07,,0
AUSENTE_ANALITICO,170588784,2644490872,43 - ADESAO - INSTALAR PONTO VIRTUA,409,Executada,414.61,2026-07-07,,0
AUSENTE_ANALITICO,170589918,2644681380,1 - ADESAO - INSTALACAO DE ASSINATURA,409,Executada,279.06,2026-07-07,,0
AUSENTE_ANALITICO,170589918,2644681391,43 - ADESAO - INSTALAR PONTO VIRTUA,409,Executada,414.61,2026-07-07,,0
AUSENTE_ANALITICO,170589772,2644661153,1 - ADESAO - INSTALACAO DE ASSINATURA,409,Executada,279.06,2026-07-07,,0
AUSENTE_ANALITICO,170589772,2644661164,43 - ADESAO - INSTALAR PONTO VIRTUA,409,Executada,414.61,2026-07-07,,0
AUSENTE_ANALITICO,170582301,2643356861,1 - ADESAO - INSTALACAO DE ASSINATURA,409,Executada,279.06,2026-07-07,,0
AUSENTE_ANALITICO,170582301,2643356872,43 - ADESAO - INSTALAR PONTO VIRTUA,409,Executada,414.61,2026-07-07,,0
AUSENTE_ANALITICO,170589845,2644673505,1 - ADESAO - INSTALACAO DE ASSINATURA,409,Executada,279.06,2026-07-07,,0
AUSENTE_ANALITICO,170589845,2644673516,43 - ADESAO - INSTALAR PONTO VIRTUA,409,Executada,414.61,2026-07-07,,0
AUSENTE_ANALITICO,170591530,2644959243,1 - ADESAO - INSTALACAO DE ASSINATURA,409,Executada,279.06,2026-07-07,,0
AUSENTE_ANALITICO,170591530,2644959254,43 - ADESAO - INSTALAR PONTO VIRTUA,409,Executada,414.61,2026-07-07,,0
AUSENTE_ANALITICO,170589829,2644670153,516 - ADESAO ENTREGA STREAMING,409,Executada,38.56,2026-07-07,,0
AUSENTE_ANALITICO,170589829,2644670164,43 - ADESAO - INSTALAR PONTO VIRTUA,409,Executada,414.61,2026-07-07,,0
AUSENTE_ANALITICO,167754061,2644280004,24 - MUDANCA DE PACOTE,409,Executada,98.81,2026-07-07,,0
AUSENTE_ANALITICO,170265489,2644671222,12 - MUDANCA DE ENDERECO - INSTALAR ASSINATURA,409,Executada,269.89,2026-07-07,,0
AUSENTE_ANALITICO,170265489,2644671233,45 - MUDANCA DE ENDERECO - INSTALAR PONTO ADICIONAL VIRTUA,409,Executada,199.33,2026-07-07,,0
AUSENTE_ANALITICO,170588083,2644342968,1 - ADESAO - INSTALACAO DE ASSINATURA,409,Executada,279.06,2026-07-07,,0
AUSENTE_ANALITICO,170588083,2644342979,43 - ADESAO - INSTALAR PONTO VIRTUA,409,Executada,414.61,2026-07-07,,0
AUSENTE_ANALITICO,170589306,2644598387,1 - ADESAO - INSTALACAO DE ASSINATURA,409,Executada,279.06,2026-07-07,,0
AUSENTE_ANALITICO,170589306,2644598398,43 - ADESAO - INSTALAR PONTO VIRTUA,409,Executada,414.61,2026-07-07,,0
AUSENTE_ANALITICO,169443454,2644369811,12 - MUDANCA DE ENDERECO - INSTALAR ASSINATURA,409,Executada,269.89,2026-07-08,,0
AUSENTE_ANALITICO,169443454,2644369822,45 - MUDANCA DE ENDERECO - INSTALAR PONTO ADICIONAL VIRTUA,409,Executada,199.33,2026-07-08,,0
AUSENTE_ANALITICO,170590754,2644874126,1 - ADESAO - INSTALACAO DE ASSINATURA,409,Executada,279.06,2026-07-08,,0
AUSENTE_ANALITICO,170590754,2644874137,43 - ADESAO - INSTALAR PONTO VIRTUA,409,Executada,414.61,2026-07-08,,0
AUSENTE_ANALITICO,170590010,2644702643,1 - ADESAO - INSTALACAO DE ASSINATURA,409,Executada,279.06,2026-07-08,,0
AUSENTE_ANALITICO,170590010,2644702654,43 - ADESAO - INSTALAR PONTO VIRTUA,409,Executada,414.61,2026-07-08,,0
AUSENTE_ANALITICO,170590185,2644722274,1 - ADESAO - INSTALACAO DE ASSINATURA,409,Executada,279.06,2026-07-08,,0
AUSENTE_ANALITICO,170590185,2644722285,43 - ADESAO - INSTALAR PONTO VIRTUA,409,Executada,414.61,2026-07-08,,0
AUSENTE_ANALITICO,170591084,2644894263,1 - ADESAO - INSTALACAO DE ASSINATURA,409,Executada,279.06,2026-07-08,,0
AUSENTE_ANALITICO,170591084,2644894285,43 - ADESAO - INSTALAR PONTO VIRTUA,409,Executada,414.61,2026-07-08,,0
AUSENTE_ANALITICO,170588873,2644547044,1 - ADESAO - INSTALACAO DE ASSINATURA,409,Executada,279.06,2026-07-08,,0
AUSENTE_ANALITICO,170588873,2644547055,43 - ADESAO - INSTALAR PONTO VIRTUA,409,Executada,414.61,2026-07-08,,0
AUSENTE_ANALITICO,170590711,2644867184,1 - ADESAO - INSTALACAO DE ASSINATURA,409,Executada,279.06,2026-07-08,,0
AUSENTE_ANALITICO,170590711,2644867195,43 - ADESAO - INSTALAR PONTO VIRTUA,409,Executada,414.61,2026-07-08,,0
AUSENTE_ANALITICO,170590819,2644879266,1 - ADESAO - INSTALACAO DE ASSINATURA,409,Executada,279.06,2026-07-08,,0
AUSENTE_ANALITICO,170590819,2644879277,43 - ADESAO - INSTALAR PONTO VIRTUA,409,Executada,414.61,2026-07-08,,0
AUSENTE_ANALITICO,170590339,2644759016,1 - ADESAO - INSTALACAO DE ASSINATURA,409,Executada,279.06,2026-07-08,,0
AUSENTE_ANALITICO,170590339,2644759027,43 - ADESAO - INSTALAR PONTO VIRTUA,409,Executada,414.61,2026-07-08,,0
AUSENTE_ANALITICO,170591386,2644929374,516 - ADESAO ENTREGA STREAMING,409,Executada,38.56,2026-07-08,,0
AUSENTE_ANALITICO,170591386,2644929385,43 - ADESAO - INSTALAR PONTO VIRTUA,409,Executada,414.61,2026-07-08,,0
AUSENTE_ANALITICO,170589292,2644597274,1 - ADESAO - INSTALACAO DE ASSINATURA,409,Executada,279.06,2026-07-08,,0
AUSENTE_ANALITICO,170589292,2644597285,43 - ADESAO - INSTALAR PONTO VIRTUA,409,Executada,414.61,2026-07-08,,0
AUSENTE_ANALITICO,170590312,2644740274,1 - ADESAO - INSTALACAO DE ASSINATURA,409,Executada,279.06,2026-07-08,,0
AUSENTE_ANALITICO,170590312,2644740285,43 - ADESAO - INSTALAR PONTO VIRTUA,409,Executada,414.61,2026-07-08,,0
AUSENTE_ANALITICO,95590310,2645237119,57 - MUDANCA DE PACOTE DIGITAL,409,Executada,98.81,2026-07-08,,0
AUSENTE_ANALITICO,170589160,2644580412,1 - ADESAO - INSTALACAO DE ASSINATURA,409,Executada,279.06,2026-07-08,,0
AUSENTE_ANALITICO,170589160,2644580423,43 - ADESAO - INSTALAR PONTO VIRTUA,409,Executada,414.61,2026-07-08,,0
AUSENTE_ANALITICO,170590479,2644797614,516 - ADESAO ENTREGA STREAMING,409,Executada,38.56,2026-07-08,,0
AUSENTE_ANALITICO,170590479,2644797625,43 - ADESAO - INSTALAR PONTO VIRTUA,409,Executada,414.61,2026-07-08,,0
AUSENTE_ANALITICO,170591050,2644893059,1 - ADESAO - INSTALACAO DE ASSINATURA,409,Executada,279.06,2026-07-08,,0
AUSENTE_ANALITICO,170591050,2644893060,43 - ADESAO - INSTALAR PONTO VIRTUA,409,Executada,414.61,2026-07-08,,0
AUSENTE_ANALITICO,167321912,2644689636,44 - INSTALAR PONTO VIRTUA,409,Executada,199.33,2026-07-09,,0
AUSENTE_ANALITICO,170592749,2645129614,1 - ADESAO - INSTALACAO DE ASSINATURA,409,Executada,279.06,2026-07-09,,0
AUSENTE_ANALITICO,170592749,2645129636,43 - ADESAO - INSTALAR PONTO VIRTUA,409,Executada,414.61,2026-07-09,,0
AUSENTE_ANALITICO,170592609,2645109544,1 - ADESAO - INSTALACAO DE ASSINATURA,409,Executada,279.06,2026-07-09,,0
AUSENTE_ANALITICO,170592609,2645109555,43 - ADESAO - INSTALAR PONTO VIRTUA,409,Executada,414.61,2026-07-09,,0
AUSENTE_ANALITICO,170590223,2644726627,1 - ADESAO - INSTALACAO DE ASSINATURA,409,Executada,279.06,2026-07-09,,0
AUSENTE_ANALITICO,170590223,2644726638,43 - ADESAO - INSTALAR PONTO VIRTUA,409,Executada,414.61,2026-07-09,,0
AUSENTE_ANALITICO,170588504,2644444208,1 - ADESAO - INSTALACAO DE ASSINATURA,409,Executada,279.06,2026-07-09,,0
AUSENTE_ANALITICO,170588504,2644444219,43 - ADESAO - INSTALAR PONTO VIRTUA,409,Executada,414.61,2026-07-09,,0
AUSENTE_ANALITICO,170591890,2645027790,1 - ADESAO - INSTALACAO DE ASSINATURA,409,Executada,279.06,2026-07-09,,0
AUSENTE_ANALITICO,170591890,2645027802,43 - ADESAO - INSTALAR PONTO VIRTUA,409,Executada,414.61,2026-07-09,,0
AUSENTE_ANALITICO,170589853,2644673718,1 - ADESAO - INSTALACAO DE ASSINATURA,409,Executada,279.06,2026-07-09,,0
AUSENTE_ANALITICO,170589853,2644673729,43 - ADESAO - INSTALAR PONTO VIRTUA,409,Executada,414.61,2026-07-09,,0
AUSENTE_ANALITICO,170593184,2645185683,1 - ADESAO - INSTALACAO DE ASSINATURA,409,Executada,279.06,2026-07-09,,0
AUSENTE_ANALITICO,170593184,2645185694,43 - ADESAO - INSTALAR PONTO VIRTUA,409,Executada,414.61,2026-07-09,,0
AUSENTE_ANALITICO,170591297,2644921556,1 - ADESAO - INSTALACAO DE ASSINATURA,409,Executada,279.06,2026-07-09,,0
AUSENTE_ANALITICO,170591297,2644921567,43 - ADESAO - INSTALAR PONTO VIRTUA,409,Executada,414.61,2026-07-09,,0
AUSENTE_ANALITICO,170591203,2644908461,1 - ADESAO - INSTALACAO DE ASSINATURA,409,Executada,279.06,2026-07-09,,0
AUSENTE_ANALITICO,170591203,2644908472,43 - ADESAO - INSTALAR PONTO VIRTUA,409,Executada,414.61,2026-07-09,,0
AUSENTE_ANALITICO,170591637,2644973722,1 - ADESAO - INSTALACAO DE ASSINATURA,409,Executada,279.06,2026-07-09,,0
AUSENTE_ANALITICO,170591637,2644973733,43 - ADESAO - INSTALAR PONTO VIRTUA,409,Executada,414.61,2026-07-09,,0
AUSENTE_ANALITICO,170592480,2645095267,1 - ADESAO - INSTALACAO DE ASSINATURA,409,Executada,279.06,2026-07-09,,0
AUSENTE_ANALITICO,170592480,2645095278,43 - ADESAO - INSTALAR PONTO VIRTUA,409,Executada,414.61,2026-07-09,,0
AUSENTE_ANALITICO,170593192,2645187124,1 - ADESAO - INSTALACAO DE ASSINATURA,409,Executada,279.06,2026-07-09,,0
AUSENTE_ANALITICO,170593192,2645187135,43 - ADESAO - INSTALAR PONTO VIRTUA,409,Executada,414.61,2026-07-09,,0
AUSENTE_ANALITICO,170591920,2645029499,1 - ADESAO - INSTALACAO DE ASSINATURA,409,Executada,279.06,2026-07-09,,0
AUSENTE_ANALITICO,170591920,2645029501,43 - ADESAO - INSTALAR PONTO VIRTUA,409,Executada,414.61,2026-07-09,,0
AUSENTE_ANALITICO,170592307,2645079786,516 - ADESAO ENTREGA STREAMING,409,Executada,38.56,2026-07-09,,0
AUSENTE_ANALITICO,170592307,2645079797,43 - ADESAO - INSTALAR PONTO VIRTUA,409,Executada,414.61,2026-07-09,,0
AUSENTE_ANALITICO,170039667,2643566325,15 - MUDANCA DE LOCAL DE PONTO,409,Executada,167.07,2026-07-09,,0
AUSENTE_ANALITICO,170592897,2645145746,1 - ADESAO - INSTALACAO DE ASSINATURA,409,Executada,279.06,2026-07-09,,0
AUSENTE_ANALITICO,170592897,2645145768,43 - ADESAO - INSTALAR PONTO VIRTUA,409,Executada,414.61,2026-07-09,,0
AUSENTE_ANALITICO,170592137,2645056297,516 - ADESAO ENTREGA STREAMING,409,Executada,38.56,2026-07-10,,0
AUSENTE_ANALITICO,170592137,2645056309,43 - ADESAO - INSTALAR PONTO VIRTUA,409,Executada,414.61,2026-07-10,,0
AUSENTE_ANALITICO,170594571,2645354074,516 - ADESAO ENTREGA STREAMING,409,Executada,38.56,2026-07-10,,0
AUSENTE_ANALITICO,170594571,2645354085,43 - ADESAO - INSTALAR PONTO VIRTUA,409,Executada,414.61,2026-07-10,,0
AUSENTE_ANALITICO,170595063,2645439102,516 - ADESAO ENTREGA STREAMING,409,Executada,38.56,2026-07-10,,0
AUSENTE_ANALITICO,170595063,2645439135,43 - ADESAO - INSTALAR PONTO VIRTUA,409,Executada,414.61,2026-07-10,,0
AUSENTE_ANALITICO,170593400,2645215788,1 - ADESAO - INSTALACAO DE ASSINATURA,409,Executada,279.06,2026-07-10,,0
AUSENTE_ANALITICO,170593400,2645215799,43 - ADESAO - INSTALAR PONTO VIRTUA,409,Executada,414.61,2026-07-10,,0
AUSENTE_ANALITICO,170591556,2644967084,1 - ADESAO - INSTALACAO DE ASSINATURA,409,Executada,279.06,2026-07-10,,0
AUSENTE_ANALITICO,170591556,2644967095,43 - ADESAO - INSTALAR PONTO VIRTUA,409,Executada,414.61,2026-07-10,,0
AUSENTE_ANALITICO,170592803,2645141797,1 - ADESAO - INSTALACAO DE ASSINATURA,409,Executada,279.06,2026-07-10,,0
AUSENTE_ANALITICO,170592803,2645141809,43 - ADESAO - INSTALAR PONTO VIRTUA,409,Executada,414.61,2026-07-10,,0
AUSENTE_ANALITICO,170594768,2645375752,1 - ADESAO - INSTALACAO DE ASSINATURA,409,Executada,279.06,2026-07-10,,0
AUSENTE_ANALITICO,170594768,2645375763,43 - ADESAO - INSTALAR PONTO VIRTUA,409,Executada,414.61,2026-07-10,,0
AUSENTE_ANALITICO,170594237,2645315127,1 - ADESAO - INSTALACAO DE ASSINATURA,409,Executada,279.06,2026-07-10,,0
AUSENTE_ANALITICO,170594237,2645315138,43 - ADESAO - INSTALAR PONTO VIRTUA,409,Executada,414.61,2026-07-10,,0
AUSENTE_ANALITICO,170594199,2645312315,1 - ADESAO - INSTALACAO DE ASSINATURA,409,Executada,279.06,2026-07-10,,0
AUSENTE_ANALITICO,170594199,2645312326,43 - ADESAO - INSTALAR PONTO VIRTUA,409,Executada,414.61,2026-07-10,,0
AUSENTE_ANALITICO,170593958,2645285831,1 - ADESAO - INSTALACAO DE ASSINATURA,409,Executada,279.06,2026-07-10,,0
AUSENTE_ANALITICO,170593958,2645285842,43 - ADESAO - INSTALAR PONTO VIRTUA,409,Executada,414.61,2026-07-10,,0
AUSENTE_ANALITICO,170594164,2645308871,1 - ADESAO - INSTALACAO DE ASSINATURA,409,Executada,279.06,2026-07-10,,0
AUSENTE_ANALITICO,170594164,2645308882,43 - ADESAO - INSTALAR PONTO VIRTUA,409,Executada,414.61,2026-07-10,,0
AUSENTE_ANALITICO,170202525,2644851121,12 - MUDANCA DE ENDERECO - INSTALAR ASSINATURA,409,Executada,269.89,2026-07-10,,0
AUSENTE_ANALITICO,170202525,2644851132,45 - MUDANCA DE ENDERECO - INSTALAR PONTO ADICIONAL VIRTUA,409,Executada,199.33,2026-07-10,,0
AUSENTE_ANALITICO,170594210,2645314126,1 - ADESAO - INSTALACAO DE ASSINATURA,409,Executada,279.06,2026-07-10,,0
AUSENTE_ANALITICO,170594210,2645314137,43 - ADESAO - INSTALAR PONTO VIRTUA,409,Executada,414.61,2026-07-10,,0
AUSENTE_ANALITICO,167886952,2645407466,15 - MUDANCA DE LOCAL DE PONTO,409,Executada,167.07,2026-07-10,,0
AUSENTE_ANALITICO,169879562,2644977917,24 - MUDANCA DE PACOTE,409,Executada,98.81,2026-07-11,,0
AUSENTE_ANALITICO,170565784,2645213001,15 - MUDANCA DE LOCAL DE PONTO,409,Executada,167.07,2026-07-11,,0
AUSENTE_ANALITICO,170595934,2645531295,1 - ADESAO - INSTALACAO DE ASSINATURA,409,Executada,279.06,2026-07-11,,0
AUSENTE_ANALITICO,170595934,2645531307,43 - ADESAO - INSTALAR PONTO VIRTUA,409,Executada,414.61,2026-07-11,,0
AUSENTE_ANALITICO,170597325,2645767803,1 - ADESAO - INSTALACAO DE ASSINATURA,409,Executada,279.06,2026-07-11,,0
AUSENTE_ANALITICO,170597325,2645767814,43 - ADESAO - INSTALAR PONTO VIRTUA,409,Executada,414.61,2026-07-11,,0
AUSENTE_ANALITICO,170594970,2645423194,1 - ADESAO - INSTALACAO DE ASSINATURA,409,Executada,279.06,2026-07-11,,0
AUSENTE_ANALITICO,170594970,2645423206,43 - ADESAO - INSTALAR PONTO VIRTUA,409,Executada,414.61,2026-07-11,,0
AUSENTE_ANALITICO,170595187,2645450734,1 - ADESAO - INSTALACAO DE ASSINATURA,409,Executada,279.06,2026-07-11,,0
AUSENTE_ANALITICO,170595187,2645450745,43 - ADESAO - INSTALAR PONTO VIRTUA,409,Executada,414.61,2026-07-11,,0
AUSENTE_ANALITICO,169891694,2645676622,44 - INSTALAR PONTO VIRTUA,409,Executada,199.33,2026-07-11,,0
AUSENTE_ANALITICO,170596736,2645694004,1 - ADESAO - INSTALACAO DE ASSINATURA,409,Executada,279.06,2026-07-11,,0
AUSENTE_ANALITICO,170596736,2645694015,43 - ADESAO - INSTALAR PONTO VIRTUA,409,Executada,414.61,2026-07-11,,0
AUSENTE_ANALITICO,170130150,2645320527,12 - MUDANCA DE ENDERECO - INSTALAR ASSINATURA,409,Executada,269.89,2026-07-11,,0
AUSENTE_ANALITICO,170130150,2645320538,45 - MUDANCA DE ENDERECO - INSTALAR PONTO ADICIONAL VIRTUA,409,Executada,199.33,2026-07-11,,0
AUSENTE_ANALITICO,170591033,2644889762,1 - ADESAO - INSTALACAO DE ASSINATURA,409,Executada,279.06,2026-07-11,,0
AUSENTE_ANALITICO,170591033,2644889773,43 - ADESAO - INSTALAR PONTO VIRTUA,409,Executada,414.61,2026-07-11,,0
AUSENTE_ANALITICO,170087882,2641759686,24 - MUDANCA DE PACOTE,409,Executada,98.81,2026-07-11,,0
AUSENTE_ANALITICO,170597490,2645807123,1 - ADESAO - INSTALACAO DE ASSINATURA,409,Executada,279.06,2026-07-13,,0
AUSENTE_ANALITICO,170597490,2645807134,43 - ADESAO - INSTALAR PONTO VIRTUA,409,Executada,414.61,2026-07-13,,0
AUSENTE_ANALITICO,170591360,2646029254,188 - MANUTENCAO PREVENTIVA INDOOR I,560,Executada,128.51,2026-07-13,,0
AUSENTE_ANALITICO,169659988,2645188372,15 - MUDANCA DE LOCAL DE PONTO,409,Executada,167.07,2026-07-13,,0
AUSENTE_ANALITICO,170593664,2645254905,1 - ADESAO - INSTALACAO DE ASSINATURA,409,Executada,279.06,2026-07-13,,0
AUSENTE_ANALITICO,170593664,2645254927,43 - ADESAO - INSTALAR PONTO VIRTUA,409,Executada,414.61,2026-07-13,,0
AUSENTE_ANALITICO,167531020,2645357358,15 - MUDANCA DE LOCAL DE PONTO,409,Executada,167.07,2026-07-13,,0
AUSENTE_ANALITICO,167989204,2645818552,46 - REINSTALACAO - PONTO ADICIONAL VIRTUA,409,Executada,199.33,2026-07-13,,0
AUSENTE_ANALITICO,170595616,2645503092,1 - ADESAO - INSTALACAO DE ASSINATURA,409,Executada,279.06,2026-07-13,,0
AUSENTE_ANALITICO,170595616,2645503104,43 - ADESAO - INSTALAR PONTO VIRTUA,409,Executada,414.61,2026-07-13,,0
AUSENTE_ANALITICO,170457000,2645701160,12 - MUDANCA DE ENDERECO - INSTALAR ASSINATURA,409,Executada,269.89,2026-07-13,,0
AUSENTE_ANALITICO,170457000,2645701171,45 - MUDANCA DE ENDERECO - INSTALAR PONTO ADICIONAL VIRTUA,409,Executada,199.33,2026-07-13,,0
AUSENTE_ANALITICO,1557440,2627303506,1 - ADESAO - INSTALACAO DE ASSINATURA,409,Executada,279.06,2026-07-13,,0
AUSENTE_ANALITICO,1557440,2627303517,43 - ADESAO - INSTALAR PONTO VIRTUA,409,Executada,414.61,2026-07-13,,0
AUSENTE_ANALITICO,1557857,2627631342,1 - ADESAO - INSTALACAO DE ASSINATURA,409,Executada,279.06,2026-07-13,,0
AUSENTE_ANALITICO,1557857,2627631353,43 - ADESAO - INSTALAR PONTO VIRTUA,409,Executada,414.61,2026-07-13,,0
AUSENTE_ANALITICO,1557814,2627590762,1 - ADESAO - INSTALACAO DE ASSINATURA,409,Executada,279.06,2026-07-13,,0
AUSENTE_ANALITICO,1557814,2627590773,43 - ADESAO - INSTALAR PONTO VIRTUA,409,Executada,414.61,2026-07-13,,0
AUSENTE_ANALITICO,170595047,2645437661,1 - ADESAO - INSTALACAO DE ASSINATURA,409,Executada,279.06,2026-07-13,,0
AUSENTE_ANALITICO,170595047,2645437672,43 - ADESAO - INSTALAR PONTO VIRTUA,409,Executada,414.61,2026-07-13,,0
AUSENTE_ANALITICO,170596795,2645702543,1 - ADESAO - INSTALACAO DE ASSINATURA,409,Executada,279.06,2026-07-13,,0
AUSENTE_ANALITICO,170596795,2645702554,43 - ADESAO - INSTALAR PONTO VIRTUA,409,Executada,414.61,2026-07-13,,0
AUSENTE_ANALITICO,170596795,2646052047,188 - MANUTENCAO PREVENTIVA INDOOR I,517,Executada,128.51,2026-07-13,,0
AUSENTE_ANALITICO,170592030,2645044788,516 - ADESAO ENTREGA STREAMING,409,Executada,38.56,2026-07-13,,0
AUSENTE_ANALITICO,170592030,2645044799,43 - ADESAO - INSTALAR PONTO VIRTUA,409,Executada,414.61,2026-07-13,,0
VALOR_ZERO_OU_OUTRO,170582557,2645447718,156 - INSTALACAO WIFI MESH,409,Executada,105.38,2026-07-13,,0
VALOR_ZERO_OU_OUTRO,170582557,2645447729,156 - INSTALACAO WIFI MESH,409,Executada,105.38,2026-07-13,,0
AUSENTE_ANALITICO,170597546,2645814008,1 - ADESAO - INSTALACAO DE ASSINATURA,409,Executada,279.06,2026-07-13,,0
AUSENTE_ANALITICO,170597546,2645814019,43 - ADESAO - INSTALAR PONTO VIRTUA,409,Executada,414.61,2026-07-13,,0
AUSENTE_ANALITICO,1405453,2627390995,44 - INSTALAR PONTO VIRTUA,409,Executada,199.33,2026-07-13,,0
AUSENTE_ANALITICO,1557520,2627363085,1 - ADESAO - INSTALACAO DE ASSINATURA,409,Executada,279.06,2026-07-13,,0
AUSENTE_ANALITICO,1557520,2627363502,43 - ADESAO - INSTALAR PONTO VIRTUA,409,Executada,414.61,2026-07-13,,0
AUSENTE_ANALITICO,1557806,2627583348,1 - ADESAO - INSTALACAO DE ASSINATURA,409,Executada,279.06,2026-07-13,,0
AUSENTE_ANALITICO,1557806,2627583359,43 - ADESAO - INSTALAR PONTO VIRTUA,409,Executada,414.61,2026-07-13,,0
AUSENTE_ANALITICO,170281417,2645349618,12 - MUDANCA DE ENDERECO - INSTALAR ASSINATURA,409,Executada,269.89,2026-07-14,,0
AUSENTE_ANALITICO,170281417,2645349629,45 - MUDANCA DE ENDERECO - INSTALAR PONTO ADICIONAL VIRTUA,409,Executada,199.33,2026-07-14,,0
AUSENTE_ANALITICO,170598550,2645996223,1 - ADESAO - INSTALACAO DE ASSINATURA,409,Executada,279.06,2026-07-14,,0
AUSENTE_ANALITICO,170598550,2645996245,43 - ADESAO - INSTALAR PONTO VIRTUA,409,Executada,414.61,2026-07-14,,0
AUSENTE_ANALITICO,170591360,2646302359,188 - MANUTENCAO PREVENTIVA INDOOR I,582,Executada,128.51,2026-07-14,,0
AUSENTE_ANALITICO,170596043,2645538821,516 - ADESAO ENTREGA STREAMING,409,Executada,38.56,2026-07-14,,0
AUSENTE_ANALITICO,170596043,2645538832,43 - ADESAO - INSTALAR PONTO VIRTUA,409,Executada,414.61,2026-07-14,,0
AUSENTE_ANALITICO,170599263,2646133362,1 - ADESAO - INSTALACAO DE ASSINATURA,409,Executada,279.06,2026-07-14,,0
AUSENTE_ANALITICO,170599263,2646133373,43 - ADESAO - INSTALAR PONTO VIRTUA,409,Executada,414.61,2026-07-14,,0
AUSENTE_ANALITICO,170598380,2645939477,1 - ADESAO - INSTALACAO DE ASSINATURA,409,Executada,279.06,2026-07-14,,0
AUSENTE_ANALITICO,170598380,2645939488,43 - ADESAO - INSTALAR PONTO VIRTUA,409,Executada,414.61,2026-07-14,,0
AUSENTE_ANALITICO,170598321,2645934270,1 - ADESAO - INSTALACAO DE ASSINATURA,409,Executada,279.06,2026-07-14,,0
AUSENTE_ANALITICO,170598321,2645934281,43 - ADESAO - INSTALAR PONTO VIRTUA,409,Executada,414.61,2026-07-14,,0
AUSENTE_ANALITICO,170598968,2646091501,1 - ADESAO - INSTALACAO DE ASSINATURA,409,Executada,279.06,2026-07-14,,0
AUSENTE_ANALITICO,170598968,2646091512,43 - ADESAO - INSTALAR PONTO VIRTUA,409,Executada,414.61,2026-07-14,,0
AUSENTE_ANALITICO,1556818,2626629168,1 - ADESAO - INSTALACAO DE ASSINATURA,409,Executada,279.06,2026-07-14,,0
AUSENTE_ANALITICO,1556818,2626629179,43 - ADESAO - INSTALAR PONTO VIRTUA,409,Executada,414.61,2026-07-14,,0
AUSENTE_ANALITICO,1558020,2627875296,1 - ADESAO - INSTALACAO DE ASSINATURA,409,Executada,279.06,2026-07-14,,0
AUSENTE_ANALITICO,1558020,2627875308,43 - ADESAO - INSTALAR PONTO VIRTUA,409,Executada,414.61,2026-07-14,,0
AUSENTE_ANALITICO,1557890,2627675193,1 - ADESAO - INSTALACAO DE ASSINATURA,409,Executada,279.06,2026-07-14,,0
AUSENTE_ANALITICO,1557890,2627675205,43 - ADESAO - INSTALAR PONTO VIRTUA,409,Executada,414.61,2026-07-14,,0
AUSENTE_ANALITICO,170598003,2645878176,1 - ADESAO - INSTALACAO DE ASSINATURA,409,Executada,279.06,2026-07-14,,0
AUSENTE_ANALITICO,170598003,2645878187,43 - ADESAO - INSTALAR PONTO VIRTUA,409,Executada,414.61,2026-07-14,,0
AUSENTE_ANALITICO,169848454,2645912861,12 - MUDANCA DE ENDERECO - INSTALAR ASSINATURA,409,Executada,269.89,2026-07-14,,0
AUSENTE_ANALITICO,169848454,2645912872,45 - MUDANCA DE ENDERECO - INSTALAR PONTO ADICIONAL VIRTUA,409,Executada,199.33,2026-07-14,,0
AUSENTE_ANALITICO,168722341,2645999541,24 - MUDANCA DE PACOTE,409,Executada,98.81,2026-07-14,,0
AUSENTE_ANALITICO,170598950,2646089193,1 - ADESAO - INSTALACAO DE ASSINATURA,409,Executada,279.06,2026-07-14,,0
AUSENTE_ANALITICO,170598950,2646089205,43 - ADESAO - INSTALAR PONTO VIRTUA,409,Executada,414.61,2026-07-14,,0
AUSENTE_ANALITICO,170598518,2645989933,1 - ADESAO - INSTALACAO DE ASSINATURA,409,Executada,279.06,2026-07-14,,0
AUSENTE_ANALITICO,170598518,2645989944,43 - ADESAO - INSTALAR PONTO VIRTUA,409,Executada,414.61,2026-07-14,,0
AUSENTE_ANALITICO,1557083,2626945440,1 - ADESAO - INSTALACAO DE ASSINATURA,409,Executada,279.06,2026-07-14,,0
AUSENTE_ANALITICO,1557083,2626945451,43 - ADESAO - INSTALAR PONTO VIRTUA,409,Executada,414.61,2026-07-14,,0
AUSENTE_ANALITICO,1558101,2627933662,1 - ADESAO - INSTALACAO DE ASSINATURA,409,Executada,279.06,2026-07-14,,0
AUSENTE_ANALITICO,1558101,2627933673,43 - ADESAO - INSTALAR PONTO VIRTUA,409,Executada,414.61,2026-07-14,,0
AUSENTE_ANALITICO,170598283,2645931693,1 - ADESAO - INSTALACAO DE ASSINATURA,409,Executada,279.06,2026-07-14,,0
AUSENTE_ANALITICO,170598283,2645931705,43 - ADESAO - INSTALAR PONTO VIRTUA,409,Executada,414.61,2026-07-14,,0
AUSENTE_ANALITICO,170598690,2646032663,1 - ADESAO - INSTALACAO DE ASSINATURA,409,Executada,279.06,2026-07-14,,0
AUSENTE_ANALITICO,170598690,2646032674,43 - ADESAO - INSTALAR PONTO VIRTUA,409,Executada,414.61,2026-07-14,,0
AUSENTE_ANALITICO,170598836,2646067087,1 - ADESAO - INSTALACAO DE ASSINATURA,409,Executada,279.06,2026-07-14,,0
AUSENTE_ANALITICO,170598836,2646067098,43 - ADESAO - INSTALAR PONTO VIRTUA,409,Executada,414.61,2026-07-14,,0
AUSENTE_ANALITICO,170364835,2645839544,12 - MUDANCA DE ENDERECO - INSTALAR ASSINATURA,409,Executada,269.89,2026-07-15,,0
AUSENTE_ANALITICO,170364835,2645839555,45 - MUDANCA DE ENDERECO - INSTALAR PONTO ADICIONAL VIRTUA,409,Executada,199.33,2026-07-15,,0
AUSENTE_ANALITICO,169451112,2646059819,156 - INSTALACAO WIFI MESH,477,Executada,105.38,2026-07-15,,0
AUSENTE_ANALITICO,169451112,2646059820,156 - INSTALACAO WIFI MESH,477,Executada,105.38,2026-07-15,,0
AUSENTE_ANALITICO,170593010,2645162453,1 - ADESAO - INSTALACAO DE ASSINATURA,409,Executada,279.06,2026-07-15,,0
AUSENTE_ANALITICO,170593010,2645162464,43 - ADESAO - INSTALAR PONTO VIRTUA,409,Executada,414.61,2026-07-15,,0
AUSENTE_ANALITICO,170599247,2646131922,1 - ADESAO - INSTALACAO DE ASSINATURA,409,Executada,279.06,2026-07-15,,0
AUSENTE_ANALITICO,170599247,2646131933,43 - ADESAO - INSTALAR PONTO VIRTUA,409,Executada,414.61,2026-07-15,,0
AUSENTE_ANALITICO,170100129,2646295620,12 - MUDANCA DE ENDERECO - INSTALAR ASSINATURA,409,Executada,269.89,2026-07-15,,0
AUSENTE_ANALITICO,170100129,2646295631,45 - MUDANCA DE ENDERECO - INSTALAR PONTO ADICIONAL VIRTUA,409,Executada,199.33,2026-07-15,,0
AUSENTE_ANALITICO,170600938,2646397106,1 - ADESAO - INSTALACAO DE ASSINATURA,409,Executada,279.06,2026-07-15,,0
AUSENTE_ANALITICO,170600938,2646397117,43 - ADESAO - INSTALAR PONTO VIRTUA,409,Executada,414.61,2026-07-15,,0
AUSENTE_ANALITICO,1558241,2628080778,1 - ADESAO - INSTALACAO DE ASSINATURA,409,Executada,279.06,2026-07-15,,0
AUSENTE_ANALITICO,1558241,2628080789,43 - ADESAO - INSTALAR PONTO VIRTUA,409,Executada,414.61,2026-07-15,,0
AUSENTE_ANALITICO,1557865,2627631544,1 - ADESAO - INSTALACAO DE ASSINATURA,409,Executada,279.06,2026-07-15,,0
AUSENTE_ANALITICO,1557865,2627631555,43 - ADESAO - INSTALAR PONTO VIRTUA,409,Executada,414.61,2026-07-15,,0
AUSENTE_ANALITICO,170600628,2646349776,1 - ADESAO - INSTALACAO DE ASSINATURA,409,Executada,279.06,2026-07-15,,0
AUSENTE_ANALITICO,170600628,2646349787,43 - ADESAO - INSTALAR PONTO VIRTUA,409,Executada,414.61,2026-07-15,,0
AUSENTE_ANALITICO,170599760,2646208770,1 - ADESAO - INSTALACAO DE ASSINATURA,409,Executada,279.06,2026-07-15,,0
AUSENTE_ANALITICO,170599760,2646208781,43 - ADESAO - INSTALAR PONTO VIRTUA,409,Executada,414.61,2026-07-15,,0
AUSENTE_ANALITICO,170601330,2646469959,1 - ADESAO - INSTALACAO DE ASSINATURA,409,Executada,279.06,2026-07-15,,0
AUSENTE_ANALITICO,170601330,2646469960,43 - ADESAO - INSTALAR PONTO VIRTUA,409,Executada,414.61,2026-07-15,,0
AUSENTE_ANALITICO,170587974,2644306227,43 - ADESAO - INSTALAR PONTO VIRTUA,409,Executada,414.61,2026-07-15,,0
AUSENTE_ANALITICO,170313734,2646199971,12 - MUDANCA DE ENDERECO - INSTALAR ASSINATURA,409,Executada,269.89,2026-07-15,,0
AUSENTE_ANALITICO,170313734,2646199982,45 - MUDANCA DE ENDERECO - INSTALAR PONTO ADICIONAL VIRTUA,409,Executada,199.33,2026-07-15,,0
AUSENTE_ANALITICO,167007592,2646219356,24 - MUDANCA DE PACOTE,409,Executada,98.81,2026-07-15,,0
AUSENTE_ANALITICO,170600229,2646295833,516 - ADESAO ENTREGA STREAMING,409,Executada,38.56,2026-07-15,,0
AUSENTE_ANALITICO,170600229,2646295866,43 - ADESAO - INSTALAR PONTO VIRTUA,409,Executada,414.61,2026-07-15,,0
AUSENTE_ANALITICO,167007592,2646219356,24 - MUDANCA DE PACOTE,409,Executada,98.81,2026-07-15,,0
AUSENTE_ANALITICO,1558357,2628160531,1 - ADESAO - INSTALACAO DE ASSINATURA,409,Executada,279.06,2026-07-15,,0
AUSENTE_ANALITICO,1558357,2628160542,43 - ADESAO - INSTALAR PONTO VIRTUA,409,Executada,414.61,2026-07-15,,0
AUSENTE_ANALITICO,1558195,2628053420,1 - ADESAO - INSTALACAO DE ASSINATURA,409,Executada,279.06,2026-07-15,,0
AUSENTE_ANALITICO,1558195,2628053431,43 - ADESAO - INSTALAR PONTO VIRTUA,409,Executada,414.61,2026-07-15,,0
AUSENTE_ANALITICO,170599816,2646215835,1 - ADESAO - INSTALACAO DE ASSINATURA,409,Executada,279.06,2026-07-15,,0
AUSENTE_ANALITICO,170599816,2646215846,43 - ADESAO - INSTALAR PONTO VIRTUA,409,Executada,414.61,2026-07-15,,0
AUSENTE_ANALITICO,170601632,2646520980,1 - ADESAO - INSTALACAO DE ASSINATURA,409,Executada,279.06,2026-07-16,,0
AUSENTE_ANALITICO,170601632,2646520991,43 - ADESAO - INSTALAR PONTO VIRTUA,409,Executada,414.61,2026-07-16,,0
AUSENTE_ANALITICO,170601667,2646526829,1 - ADESAO - INSTALACAO DE ASSINATURA,409,Executada,279.06,2026-07-16,,0
AUSENTE_ANALITICO,170601667,2646526830,43 - ADESAO - INSTALAR PONTO VIRTUA,409,Executada,414.61,2026-07-16,,0
AUSENTE_ANALITICO,170597562,2645815469,1 - ADESAO - INSTALACAO DE ASSINATURA,409,Executada,279.06,2026-07-16,,0
AUSENTE_ANALITICO,170597562,2645815470,43 - ADESAO - INSTALAR PONTO VIRTUA,409,Executada,414.61,2026-07-16,,0
AUSENTE_ANALITICO,1558268,2628104168,1 - ADESAO - INSTALACAO DE ASSINATURA,409,Executada,279.06,2026-07-16,,0
AUSENTE_ANALITICO,1558268,2628104180,43 - ADESAO - INSTALAR PONTO VIRTUA,409,Executada,414.61,2026-07-16,,0
AUSENTE_ANALITICO,1558586,2628335793,1 - ADESAO - INSTALACAO DE ASSINATURA,409,Executada,279.06,2026-07-16,,0
AUSENTE_ANALITICO,1558586,2628335805,43 - ADESAO - INSTALAR PONTO VIRTUA,409,Executada,414.61,2026-07-16,,0
AUSENTE_ANALITICO,1557903,2627679018,1 - ADESAO - INSTALACAO DE ASSINATURA,409,Executada,279.06,2026-07-16,,0
AUSENTE_ANALITICO,1557903,2627679029,43 - ADESAO - INSTALAR PONTO VIRTUA,409,Executada,414.61,2026-07-16,,0
AUSENTE_ANALITICO,1558462,2628269171,1 - ADESAO - INSTALACAO DE ASSINATURA,409,Executada,279.06,2026-07-16,,0
AUSENTE_ANALITICO,1558462,2628269182,43 - ADESAO - INSTALAR PONTO VIRTUA,409,Executada,414.61,2026-07-16,,0
AUSENTE_ANALITICO,170601730,2646537573,1 - ADESAO - INSTALACAO DE ASSINATURA,409,Executada,279.06,2026-07-16,,0
AUSENTE_ANALITICO,170601730,2646537584,43 - ADESAO - INSTALAR PONTO VIRTUA,409,Executada,414.61,2026-07-16,,0
AUSENTE_ANALITICO,167861356,2646411103,33 - REINSTALACAO - ASSINATURA,409,Executada,115.67,2026-07-16,,0
AUSENTE_ANALITICO,167861356,2646411114,46 - REINSTALACAO - PONTO ADICIONAL VIRTUA,409,Executada,199.33,2026-07-16,,0
AUSENTE_ANALITICO,170601314,2646468655,1 - ADESAO - INSTALACAO DE ASSINATURA,409,Executada,279.06,2026-07-16,,0
AUSENTE_ANALITICO,169270932,2646581145,12 - MUDANCA DE ENDERECO - INSTALAR ASSINATURA,409,Executada,269.89,2026-07-17,,0
AUSENTE_ANALITICO,169270932,2646581156,45 - MUDANCA DE ENDERECO - INSTALAR PONTO ADICIONAL VIRTUA,409,Executada,199.33,2026-07-17,,0
AUSENTE_ANALITICO,170308633,2646286046,156 - INSTALACAO WIFI MESH,409,Executada,105.38,2026-07-17,,0
AUSENTE_ANALITICO,170308633,2646286057,156 - INSTALACAO WIFI MESH,409,Executada,105.38,2026-07-17,,0
AUSENTE_ANALITICO,170602329,2646603588,1 - ADESAO - INSTALACAO DE ASSINATURA,409,Executada,279.06,2026-07-17,,0
AUSENTE_ANALITICO,170602329,2646603599,43 - ADESAO - INSTALAR PONTO VIRTUA,409,Executada,414.61,2026-07-17,,0
AUSENTE_ANALITICO,170602078,2646570839,1 - ADESAO - INSTALACAO DE ASSINATURA,409,Executada,279.06,2026-07-17,,0
AUSENTE_ANALITICO,170602078,2646570840,43 - ADESAO - INSTALAR PONTO VIRTUA,409,Executada,414.61,2026-07-17,,0
AUSENTE_ANALITICO,170602981,2646706111,1 - ADESAO - INSTALACAO DE ASSINATURA,409,Executada,279.06,2026-07-17,,0
AUSENTE_ANALITICO,170602981,2646706122,43 - ADESAO - INSTALAR PONTO VIRTUA,409,Executada,414.61,2026-07-17,,0
AUSENTE_ANALITICO,170561436,2645976120,15 - MUDANCA DE LOCAL DE PONTO,409,Executada,167.07,2026-07-17,,0
AUSENTE_ANALITICO,170603422,2646750413,516 - ADESAO ENTREGA STREAMING,409,Executada,38.56,2026-07-17,,0
AUSENTE_ANALITICO,170603422,2646750424,43 - ADESAO - INSTALAR PONTO VIRTUA,409,Executada,414.61,2026-07-17,,0
AUSENTE_ANALITICO,168512320,2646325680,24 - MUDANCA DE PACOTE,409,Executada,98.81,2026-07-17,,0
AUSENTE_ANALITICO,170467103,2646423702,12 - MUDANCA DE ENDERECO - INSTALAR ASSINATURA,409,Executada,269.89,2026-07-17,,0
AUSENTE_ANALITICO,170467103,2646423713,45 - MUDANCA DE ENDERECO - INSTALAR PONTO ADICIONAL VIRTUA,409,Executada,199.33,2026-07-17,,0
AUSENTE_ANALITICO,170601110,2646437213,1 - ADESAO - INSTALACAO DE ASSINATURA,409,Executada,279.06,2026-07-17,,0
AUSENTE_ANALITICO,170601110,2646437224,43 - ADESAO - INSTALAR PONTO VIRTUA,409,Executada,414.61,2026-07-17,,0
AUSENTE_ANALITICO,170603210,2646731018,1 - ADESAO - INSTALACAO DE ASSINATURA,409,Executada,279.06,2026-07-18,,0
AUSENTE_ANALITICO,170603210,2646731029,43 - ADESAO - INSTALAR PONTO VIRTUA,409,Executada,414.61,2026-07-18,,0
AUSENTE_ANALITICO,170604020,2646835068,1 - ADESAO - INSTALACAO DE ASSINATURA,409,Executada,279.06,2026-07-18,,0
AUSENTE_ANALITICO,170604020,2646835079,43 - ADESAO - INSTALAR PONTO VIRTUA,409,Executada,414.61,2026-07-18,,0
AUSENTE_ANALITICO,170603910,2646821995,1 - ADESAO - INSTALACAO DE ASSINATURA,409,Executada,279.06,2026-07-18,,0
AUSENTE_ANALITICO,170603910,2646822008,43 - ADESAO - INSTALAR PONTO VIRTUA,409,Executada,414.61,2026-07-18,,0
AUSENTE_ANALITICO,170603970,2646831233,1 - ADESAO - INSTALACAO DE ASSINATURA,409,Executada,279.06,2026-07-18,,0
AUSENTE_ANALITICO,170603970,2646831244,43 - ADESAO - INSTALAR PONTO VIRTUA,409,Executada,414.61,2026-07-18,,0
AUSENTE_ANALITICO,170602884,2646698469,516 - ADESAO ENTREGA STREAMING,409,Executada,38.56,2026-07-18,,0
AUSENTE_ANALITICO,170602884,2646698470,43 - ADESAO - INSTALAR PONTO VIRTUA,409,Executada,414.61,2026-07-18,,0
AUSENTE_ANALITICO,170601365,2646474573,1 - ADESAO - INSTALACAO DE ASSINATURA,409,Executada,279.06,2026-07-18,,0
AUSENTE_ANALITICO,170601365,2646474584,43 - ADESAO - INSTALAR PONTO VIRTUA,409,Executada,414.61,2026-07-18,,0
AUSENTE_ANALITICO,170602507,2646651884,1 - ADESAO - INSTALACAO DE ASSINATURA,409,Executada,279.06,2026-07-18,,0
AUSENTE_ANALITICO,170602507,2646651895,43 - ADESAO - INSTALAR PONTO VIRTUA,409,Executada,414.61,2026-07-18,,0
AUSENTE_ANALITICO,170604674,2646916765,1 - ADESAO - INSTALACAO DE ASSINATURA,409,Executada,279.06,2026-07-18,,0
AUSENTE_ANALITICO,170604674,2646916776,43 - ADESAO - INSTALAR PONTO VIRTUA,409,Executada,414.61,2026-07-18,,0
AUSENTE_ANALITICO,95380420,2644794857,46 - REINSTALACAO - PONTO ADICIONAL VIRTUA,409,Executada,199.33,2026-07-18,,0
AUSENTE_ANALITICO,95045494,2646772495,31 - REFAZER INSTALACAO,409,Executada,218.48,2026-07-18,,0
AUSENTE_ANALITICO,170602680,2646672146,1 - ADESAO - INSTALACAO DE ASSINATURA,409,Executada,279.06,2026-07-18,,0
AUSENTE_ANALITICO,170602680,2646672157,43 - ADESAO - INSTALAR PONTO VIRTUA,409,Executada,414.61,2026-07-18,,0
AUSENTE_ANALITICO,170599417,2646144960,1 - ADESAO - INSTALACAO DE ASSINATURA,409,Executada,279.06,2026-07-18,,0
AUSENTE_ANALITICO,170599417,2646144971,43 - ADESAO - INSTALAR PONTO VIRTUA,409,Executada,414.61,2026-07-18,,0
AUSENTE_ANALITICO,170602736,2646680774,1 - ADESAO - INSTALACAO DE ASSINATURA,409,Executada,279.06,2026-07-18,,0
AUSENTE_ANALITICO,170602736,2646680785,43 - ADESAO - INSTALAR PONTO VIRTUA,409,Executada,414.61,2026-07-18,,0
AUSENTE_ANALITICO,170309583,2646617044,12 - MUDANCA DE ENDERECO - INSTALAR ASSINATURA,409,Executada,269.89,2026-07-18,,0
AUSENTE_ANALITICO,170309583,2646617055,45 - MUDANCA DE ENDERECO - INSTALAR PONTO ADICIONAL VIRTUA,409,Executada,199.33,2026-07-18,,0
AUSENTE_ANALITICO,170601870,2646555113,1 - ADESAO - INSTALACAO DE ASSINATURA,409,Executada,279.06,2026-07-18,,0
AUSENTE_ANALITICO,170601870,2646555124,43 - ADESAO - INSTALAR PONTO VIRTUA,409,Executada,414.61,2026-07-18,,0
AUSENTE_ANALITICO,170096504,2645410606,33 - REINSTALACAO - ASSINATURA,409,Executada,115.67,2026-07-18,,0
AUSENTE_ANALITICO,170096504,2645410617,46 - REINSTALACAO - PONTO ADICIONAL VIRTUA,409,Executada,199.33,2026-07-18,,0
AUSENTE_ANALITICO,167724766,2644678870,12 - MUDANCA DE ENDERECO - INSTALAR ASSINATURA,409,Executada,269.89,2026-07-18,,0
AUSENTE_ANALITICO,167724766,2644678881,45 - MUDANCA DE ENDERECO - INSTALAR PONTO ADICIONAL VIRTUA,409,Executada,199.33,2026-07-18,,0
AUSENTE_ANALITICO,167625377,2646930390,12 - MUDANCA DE ENDERECO - INSTALAR ASSINATURA,409,Executada,269.89,2026-07-20,,0
AUSENTE_ANALITICO,167625377,2646930402,45 - MUDANCA DE ENDERECO - INSTALAR PONTO ADICIONAL VIRTUA,409,Executada,199.33,2026-07-20,,0
AUSENTE_ANALITICO,170604577,2646908935,516 - ADESAO ENTREGA STREAMING,409,Executada,38.56,2026-07-20,,0
AUSENTE_ANALITICO,170604577,2646908946,43 - ADESAO - INSTALAR PONTO VIRTUA,409,Executada,414.61,2026-07-20,,0
AUSENTE_ANALITICO,170605980,2647108365,516 - ADESAO ENTREGA STREAMING,409,Executada,38.56,2026-07-20,,0
AUSENTE_ANALITICO,170605980,2647108376,43 - ADESAO - INSTALAR PONTO VIRTUA,409,Executada,414.61,2026-07-20,,0
AUSENTE_ANALITICO,170604984,2646950190,1 - ADESAO - INSTALACAO DE ASSINATURA,409,Executada,279.06,2026-07-20,,0
AUSENTE_ANALITICO,170604984,2646950202,43 - ADESAO - INSTALAR PONTO VIRTUA,409,Executada,414.61,2026-07-20,,0
AUSENTE_ANALITICO,170605190,2646995199,1 - ADESAO - INSTALACAO DE ASSINATURA,409,Executada,279.06,2026-07-20,,0
AUSENTE_ANALITICO,170605190,2646995201,43 - ADESAO - INSTALAR PONTO VIRTUA,409,Executada,414.61,2026-07-20,,0
AUSENTE_ANALITICO,94996088,2645760569,156 - INSTALACAO WIFI MESH,409,Executada,105.38,2026-07-20,,0
AUSENTE_ANALITICO,170605140,2646987808,1 - ADESAO - INSTALACAO DE ASSINATURA,409,Executada,279.06,2026-07-20,,0
AUSENTE_ANALITICO,170605140,2646987819,43 - ADESAO - INSTALAR PONTO VIRTUA,409,Executada,414.61,2026-07-20,,0
AUSENTE_ANALITICO,170603473,2646755946,516 - ADESAO ENTREGA STREAMING,409,Executada,38.56,2026-07-20,,0
AUSENTE_ANALITICO,170603473,2646755957,43 - ADESAO - INSTALAR PONTO VIRTUA,409,Executada,414.61,2026-07-20,,0
AUSENTE_ANALITICO,170604526,2646903884,1 - ADESAO - INSTALACAO DE ASSINATURA,409,Executada,279.06,2026-07-20,,0
AUSENTE_ANALITICO,170604526,2646903895,43 - ADESAO - INSTALAR PONTO VIRTUA,409,Executada,414.61,2026-07-20,,0
AUSENTE_ANALITICO,170604569,2646906854,1 - ADESAO - INSTALACAO DE ASSINATURA,409,Executada,279.06,2026-07-20,,0
AUSENTE_ANALITICO,170604569,2646906865,43 - ADESAO - INSTALAR PONTO VIRTUA,409,Executada,414.61,2026-07-20,,0
AUSENTE_ANALITICO,170605549,2647036152,1 - ADESAO - INSTALACAO DE ASSINATURA,409,Executada,279.06,2026-07-20,,0
AUSENTE_ANALITICO,170605549,2647036163,43 - ADESAO - INSTALAR PONTO VIRTUA,409,Executada,414.61,2026-07-20,,0
AUSENTE_ANALITICO,170605239,2647000096,1 - ADESAO - INSTALACAO DE ASSINATURA,409,Executada,279.06,2026-07-20,,0
AUSENTE_ANALITICO,170605239,2647000108,43 - ADESAO - INSTALAR PONTO VIRTUA,409,Executada,414.61,2026-07-20,,0
AUSENTE_ANALITICO,170603716,2646775409,516 - ADESAO ENTREGA STREAMING,409,Executada,38.56,2026-07-20,,0
AUSENTE_ANALITICO,170603716,2646775410,43 - ADESAO - INSTALAR PONTO VIRTUA,409,Executada,414.61,2026-07-20,,0
AUSENTE_ANALITICO,170604267,2646876074,1 - ADESAO - INSTALACAO DE ASSINATURA,409,Executada,279.06,2026-07-20,,0
AUSENTE_ANALITICO,170604267,2646876085,43 - ADESAO - INSTALAR PONTO VIRTUA,409,Executada,414.61,2026-07-20,,0
AUSENTE_ANALITICO,169366824,2646955476,44 - INSTALAR PONTO VIRTUA,409,Executada,199.33,2026-07-20,,0
AUSENTE_ANALITICO,170603872,2646813637,1 - ADESAO - INSTALACAO DE ASSINATURA,409,Executada,279.06,2026-07-20,,0
AUSENTE_ANALITICO,169891902,2646938354,45 - MUDANCA DE ENDERECO - INSTALAR PONTO ADICIONAL VIRTUA,409,Executada,199.33,2026-07-20,,0
AUSENTE_ANALITICO,170605379,2647023844,1 - ADESAO - INSTALACAO DE ASSINATURA,409,Executada,279.06,2026-07-20,,0
AUSENTE_ANALITICO,170605379,2647023855,43 - ADESAO - INSTALAR PONTO VIRTUA,409,Executada,414.61,2026-07-20,,0
AUSENTE_ANALITICO,170605662,2647050901,1 - ADESAO - INSTALACAO DE ASSINATURA,409,Executada,279.06,2026-07-20,,0
AUSENTE_ANALITICO,170605662,2647050912,43 - ADESAO - INSTALAR PONTO VIRTUA,409,Executada,414.61,2026-07-20,,0
AUSENTE_ANALITICO,170605697,2647057391,1 - ADESAO - INSTALACAO DE ASSINATURA,409,Executada,279.06,2026-07-21,,0
AUSENTE_ANALITICO,170605697,2647057403,43 - ADESAO - INSTALAR PONTO VIRTUA,409,Executada,414.61,2026-07-21,,0
AUSENTE_ANALITICO,169993748,2647229820,15 - MUDANCA DE LOCAL DE PONTO,409,Executada,167.07,2026-07-21,,0
AUSENTE_ANALITICO,170603490,2646757218,516 - ADESAO ENTREGA STREAMING,409,Executada,38.56,2026-07-21,,0
AUSENTE_ANALITICO,170603490,2646757230,43 - ADESAO - INSTALAR PONTO VIRTUA,409,Executada,414.61,2026-07-21,,0
AUSENTE_ANALITICO,170606871,2647244726,1 - ADESAO - INSTALACAO DE ASSINATURA,409,Executada,279.06,2026-07-21,,0
AUSENTE_ANALITICO,170606871,2647244737,43 - ADESAO - INSTALAR PONTO VIRTUA,409,Executada,414.61,2026-07-21,,0
AUSENTE_ANALITICO,170605824,2647067538,516 - ADESAO ENTREGA STREAMING,409,Executada,38.56,2026-07-21,,0
AUSENTE_ANALITICO,170605824,2647067549,43 - ADESAO - INSTALAR PONTO VIRTUA,409,Executada,414.61,2026-07-21,,0
AUSENTE_ANALITICO,170602965,2646705749,1 - ADESAO - INSTALACAO DE ASSINATURA,409,Executada,279.06,2026-07-21,,0
AUSENTE_ANALITICO,170602965,2646705750,43 - ADESAO - INSTALAR PONTO VIRTUA,409,Executada,414.61,2026-07-21,,0
AUSENTE_ANALITICO,170606685,2647221642,1 - ADESAO - INSTALACAO DE ASSINATURA,409,Executada,279.06,2026-07-21,,0
AUSENTE_ANALITICO,170606685,2647221653,43 - ADESAO - INSTALAR PONTO VIRTUA,409,Executada,414.61,2026-07-21,,0
AUSENTE_ANALITICO,170604194,2646859413,1 - ADESAO - INSTALACAO DE ASSINATURA,409,Executada,279.06,2026-07-21,,0
AUSENTE_ANALITICO,170604194,2646859424,43 - ADESAO - INSTALAR PONTO VIRTUA,409,Executada,414.61,2026-07-21,,0
AUSENTE_ANALITICO,170606405,2647188161,1 - ADESAO - INSTALACAO DE ASSINATURA,409,Executada,279.06,2026-07-21,,0
AUSENTE_ANALITICO,170606405,2647188172,43 - ADESAO - INSTALAR PONTO VIRTUA,409,Executada,414.61,2026-07-21,,0
AUSENTE_ANALITICO,170606529,2647197352,1 - ADESAO - INSTALACAO DE ASSINATURA,409,Executada,279.06,2026-07-21,,0
AUSENTE_ANALITICO,170606529,2647197363,43 - ADESAO - INSTALAR PONTO VIRTUA,409,Executada,414.61,2026-07-21,,0
AUSENTE_ANALITICO,170605867,2647082131,516 - ADESAO ENTREGA STREAMING,409,Executada,38.56,2026-07-21,,0
AUSENTE_ANALITICO,170605867,2647082142,43 - ADESAO - INSTALAR PONTO VIRTUA,409,Executada,414.61,2026-07-21,,0
AUSENTE_ANALITICO,170607290,2647307614,1 - ADESAO - INSTALACAO DE ASSINATURA,409,Executada,279.06,2026-07-21,,0
AUSENTE_ANALITICO,170607290,2647307625,43 - ADESAO - INSTALAR PONTO VIRTUA,409,Executada,414.61,2026-07-21,,0
AUSENTE_ANALITICO,170607240,2647297926,1 - ADESAO - INSTALACAO DE ASSINATURA,409,Executada,279.06,2026-07-21,,0
AUSENTE_ANALITICO,170607240,2647297937,43 - ADESAO - INSTALAR PONTO VIRTUA,409,Executada,414.61,2026-07-21,,0
AUSENTE_ANALITICO,170487821,2647229099,33 - REINSTALACAO - ASSINATURA,409,Executada,115.67,2026-07-21,,0
AUSENTE_ANALITICO,170487821,2647229101,46 - REINSTALACAO - PONTO ADICIONAL VIRTUA,409,Executada,199.33,2026-07-21,,0
AUSENTE_ANALITICO,170607924,2647408683,1 - ADESAO - INSTALACAO DE ASSINATURA,409,Executada,279.06,2026-07-22,,0
AUSENTE_ANALITICO,170607924,2647408694,43 - ADESAO - INSTALAR PONTO VIRTUA,409,Executada,414.61,2026-07-22,,0
AUSENTE_ANALITICO,168249956,2647217568,31 - REFAZER INSTALACAO,409,Executada,218.48,2026-07-22,,0
AUSENTE_ANALITICO,95190109,2647185168,156 - INSTALACAO WIFI MESH,409,Executada,105.38,2026-07-22,,0
AUSENTE_ANALITICO,95190109,2647185179,156 - INSTALACAO WIFI MESH,409,Executada,105.38,2026-07-22,,0
AUSENTE_ANALITICO,170606995,2647261523,516 - ADESAO ENTREGA STREAMING,409,Executada,38.56,2026-07-22,,0
AUSENTE_ANALITICO,170606995,2647261545,43 - ADESAO - INSTALAR PONTO VIRTUA,409,Executada,414.61,2026-07-22,,0
AUSENTE_ANALITICO,170606154,2647137299,43 - ADESAO - INSTALAR PONTO VIRTUA,409,Executada,414.61,2026-07-22,,0
AUSENTE_ANALITICO,170606154,2647137288,1 - ADESAO - INSTALACAO DE ASSINATURA,409,Executada,279.06,2026-07-22,,0
AUSENTE_ANALITICO,170608106,2647436954,1 - ADESAO - INSTALACAO DE ASSINATURA,409,Executada,279.06,2026-07-22,,0
AUSENTE_ANALITICO,170608106,2647436965,43 - ADESAO - INSTALAR PONTO VIRTUA,409,Executada,414.61,2026-07-22,,0
AUSENTE_ANALITICO,170607827,2647392124,1 - ADESAO - INSTALACAO DE ASSINATURA,409,Executada,279.06,2026-07-22,,0
AUSENTE_ANALITICO,170607827,2647392135,43 - ADESAO - INSTALAR PONTO VIRTUA,409,Executada,414.61,2026-07-22,,0
AUSENTE_ANALITICO,170607673,2647377183,1 - ADESAO - INSTALACAO DE ASSINATURA,409,Executada,279.06,2026-07-22,,0
AUSENTE_ANALITICO,170607673,2647377194,43 - ADESAO - INSTALAR PONTO VIRTUA,409,Executada,414.61,2026-07-22,,0
AUSENTE_ANALITICO,170608335,2647469848,1 - ADESAO - INSTALACAO DE ASSINATURA,409,Executada,279.06,2026-07-22,,0
AUSENTE_ANALITICO,170608335,2647469859,43 - ADESAO - INSTALAR PONTO VIRTUA,409,Executada,414.61,2026-07-22,,0
AUSENTE_ANALITICO,170605590,2647040821,516 - ADESAO ENTREGA STREAMING,409,Executada,38.56,2026-07-22,,0
AUSENTE_ANALITICO,170605590,2647040832,43 - ADESAO - INSTALAR PONTO VIRTUA,409,Executada,414.61,2026-07-22,,0
AUSENTE_ANALITICO,170601020,2646425591,516 - ADESAO ENTREGA STREAMING,409,Executada,38.56,2026-07-22,,0
AUSENTE_ANALITICO,170601020,2646425614,43 - ADESAO - INSTALAR PONTO VIRTUA,409,Executada,414.61,2026-07-22,,0
AUSENTE_ANALITICO,170602078,2647654079,188 - MANUTENCAO PREVENTIVA INDOOR I,521,Executada,128.51,2026-07-22,,0
AUSENTE_ANALITICO,170599387,2646142159,1 - ADESAO - INSTALACAO DE ASSINATURA,409,Executada,279.06,2026-07-22,,0
AUSENTE_ANALITICO,170599387,2646142160,43 - ADESAO - INSTALAR PONTO VIRTUA,409,Executada,414.61,2026-07-22,,0
AUSENTE_ANALITICO,170607509,2647343692,516 - ADESAO ENTREGA STREAMING,409,Executada,38.56,2026-07-22,,0
AUSENTE_ANALITICO,170607509,2647343704,43 - ADESAO - INSTALAR PONTO VIRTUA,409,Executada,414.61,2026-07-22,,0
AUSENTE_ANALITICO,170607940,2647410844,1 - ADESAO - INSTALACAO DE ASSINATURA,409,Executada,279.06,2026-07-22,,0
AUSENTE_ANALITICO,170607940,2647410855,43 - ADESAO - INSTALAR PONTO VIRTUA,409,Executada,414.61,2026-07-22,,0
AUSENTE_ANALITICO,170606944,2647258372,1 - ADESAO - INSTALACAO DE ASSINATURA,409,Executada,279.06,2026-07-22,,0
AUSENTE_ANALITICO,170606944,2647258383,43 - ADESAO - INSTALAR PONTO VIRTUA,409,Executada,414.61,2026-07-22,,0
AUSENTE_ANALITICO,170605514,2647035397,1 - ADESAO - INSTALACAO DE ASSINATURA,409,Executada,279.06,2026-07-22,,0
AUSENTE_ANALITICO,170605514,2647035409,43 - ADESAO - INSTALAR PONTO VIRTUA,409,Executada,414.61,2026-07-22,,0
AUSENTE_ANALITICO,170606790,2647234893,1 - ADESAO - INSTALACAO DE ASSINATURA,409,Executada,279.06,2026-07-22,,0
AUSENTE_ANALITICO,170606790,2647234905,43 - ADESAO - INSTALAR PONTO VIRTUA,409,Executada,414.61,2026-07-22,,0
AUSENTE_ANALITICO,170608190,2647457801,1 - ADESAO - INSTALACAO DE ASSINATURA,409,Executada,279.06,2026-07-22,,0
AUSENTE_ANALITICO,170608190,2647457812,43 - ADESAO - INSTALAR PONTO VIRTUA,409,Executada,414.61,2026-07-22,,0
AUSENTE_ANALITICO,170466239,2647378757,33 - REINSTALACAO - ASSINATURA,409,Executada,115.67,2026-07-22,,0
AUSENTE_ANALITICO,170466239,2647378768,46 - REINSTALACAO - PONTO ADICIONAL VIRTUA,409,Executada,199.33,2026-07-22,,0
AUSENTE_ANALITICO,170608688,2647509472,516 - ADESAO ENTREGA STREAMING,409,Executada,38.56,2026-07-22,,0
AUSENTE_ANALITICO,170608688,2647509483,43 - ADESAO - INSTALAR PONTO VIRTUA,409,Executada,414.61,2026-07-22,,0
AUSENTE_ANALITICO,170608548,2647496578,1 - ADESAO - INSTALACAO DE ASSINATURA,409,Executada,279.06,2026-07-23,,0
AUSENTE_ANALITICO,170608548,2647496589,43 - ADESAO - INSTALAR PONTO VIRTUA,409,Executada,414.61,2026-07-23,,0
AUSENTE_ANALITICO,170608955,2647582473,1 - ADESAO - INSTALACAO DE ASSINATURA,409,Executada,279.06,2026-07-23,,0
AUSENTE_ANALITICO,170608955,2647582484,43 - ADESAO - INSTALAR PONTO VIRTUA,409,Executada,414.61,2026-07-23,,0
AUSENTE_ANALITICO,170608416,2647475452,1 - ADESAO - INSTALACAO DE ASSINATURA,409,Executada,279.06,2026-07-23,,0
AUSENTE_ANALITICO,170608416,2647475463,43 - ADESAO - INSTALAR PONTO VIRTUA,409,Executada,414.61,2026-07-23,,0
AUSENTE_ANALITICO,170605360,2647023675,51 - ADESAO - INSTALACAO DE ASSINATURA DIGITAL,409,Executada,279.06,2026-07-23,,0
AUSENTE_ANALITICO,170605360,2647023686,43 - ADESAO - INSTALAR PONTO VIRTUA,409,Executada,414.61,2026-07-23,,0
AUSENTE_ANALITICO,169683722,2647237751,12 - MUDANCA DE ENDERECO - INSTALAR ASSINATURA,409,Executada,269.89,2026-07-23,,0
AUSENTE_ANALITICO,169683722,2647237762,45 - MUDANCA DE ENDERECO - INSTALAR PONTO ADICIONAL VIRTUA,409,Executada,199.33,2026-07-23,,0
AUSENTE_ANALITICO,170609714,2647693645,1 - ADESAO - INSTALACAO DE ASSINATURA,409,Executada,279.06,2026-07-23,,0
AUSENTE_ANALITICO,170609714,2647693656,43 - ADESAO - INSTALAR PONTO VIRTUA,409,Executada,414.61,2026-07-23,,0
AUSENTE_ANALITICO,170609099,2647608966,1 - ADESAO - INSTALACAO DE ASSINATURA,409,Executada,279.06,2026-07-23,,0
AUSENTE_ANALITICO,170609099,2647608977,43 - ADESAO - INSTALAR PONTO VIRTUA,409,Executada,414.61,2026-07-23,,0
AUSENTE_ANALITICO,170609072,2647605918,1 - ADESAO - INSTALACAO DE ASSINATURA,409,Executada,279.06,2026-07-23,,0
AUSENTE_ANALITICO,170609072,2647605929,43 - ADESAO - INSTALAR PONTO VIRTUA,409,Executada,414.61,2026-07-23,,0
AUSENTE_ANALITICO,170608580,2647500394,1 - ADESAO - INSTALACAO DE ASSINATURA,409,Executada,279.06,2026-07-23,,0
AUSENTE_ANALITICO,170608580,2647500406,43 - ADESAO - INSTALAR PONTO VIRTUA,409,Executada,414.61,2026-07-23,,0
AUSENTE_ANALITICO,170606103,2647124037,1 - ADESAO - INSTALACAO DE ASSINATURA,409,Executada,279.06,2026-07-23,,0
AUSENTE_ANALITICO,170606103,2647124048,43 - ADESAO - INSTALAR PONTO VIRTUA,409,Executada,414.61,2026-07-23,,0
AUSENTE_ANALITICO,170607711,2647379714,1 - ADESAO - INSTALACAO DE ASSINATURA,409,Executada,279.06,2026-07-23,,0
AUSENTE_ANALITICO,170607711,2647379725,43 - ADESAO - INSTALAR PONTO VIRTUA,409,Executada,414.61,2026-07-23,,0
AUSENTE_ANALITICO,170609650,2647689358,1 - ADESAO - INSTALACAO DE ASSINATURA,409,Executada,279.06,2026-07-23,,0
AUSENTE_ANALITICO,170609650,2647689369,43 - ADESAO - INSTALAR PONTO VIRTUA,409,Executada,414.61,2026-07-23,,0
AUSENTE_ANALITICO,170607835,2647392618,1 - ADESAO - INSTALACAO DE ASSINATURA,409,Executada,279.06,2026-07-23,,0
AUSENTE_ANALITICO,170607835,2647392629,43 - ADESAO - INSTALAR PONTO VIRTUA,409,Executada,414.61,2026-07-23,,0
AUSENTE_ANALITICO,170605158,2646988797,1 - ADESAO - INSTALACAO DE ASSINATURA,409,Executada,279.06,2026-07-23,,0
AUSENTE_ANALITICO,170605158,2646988809,43 - ADESAO - INSTALAR PONTO VIRTUA,409,Executada,414.61,2026-07-23,,0
AUSENTE_ANALITICO,170605158,2647851034,188 - MANUTENCAO PREVENTIVA INDOOR I,527,Executada,128.51,2026-07-23,,0
AUSENTE_ANALITICO,170025712,2647550298,12 - MUDANCA DE ENDERECO - INSTALAR ASSINATURA,409,Executada,269.89,2026-07-23,,0
AUSENTE_ANALITICO,170025712,2647550300,45 - MUDANCA DE ENDERECO - INSTALAR PONTO ADICIONAL VIRTUA,409,Executada,199.33,2026-07-23,,0
AUSENTE_ANALITICO,170609455,2647652662,1 - ADESAO - INSTALACAO DE ASSINATURA,409,Executada,279.06,2026-07-23,,0
AUSENTE_ANALITICO,170609455,2647652673,43 - ADESAO - INSTALAR PONTO VIRTUA,409,Executada,414.61,2026-07-23,,0
AUSENTE_ANALITICO,169482727,2647599033,12 - MUDANCA DE ENDERECO - INSTALAR ASSINATURA,409,Executada,269.89,2026-07-23,,0
AUSENTE_ANALITICO,169482727,2647599044,45 - MUDANCA DE ENDERECO - INSTALAR PONTO ADICIONAL VIRTUA,409,Executada,199.33,2026-07-23,,0
AUSENTE_ANALITICO,170608750,2647525997,516 - ADESAO ENTREGA STREAMING,409,Executada,38.56,2026-07-23,,0
AUSENTE_ANALITICO,170608750,2647526000,43 - ADESAO - INSTALAR PONTO VIRTUA,409,Executada,414.61,2026-07-23,,0
AUSENTE_ANALITICO,170597783,2647659995,156 - INSTALACAO WIFI MESH,477,Executada,105.38,2026-07-23,,0
AUSENTE_ANALITICO,170597783,2647660009,156 - INSTALACAO WIFI MESH,477,Executada,105.38,2026-07-23,,0
AUSENTE_ANALITICO,167706741,2647268362,44 - INSTALAR PONTO VIRTUA,409,Executada,199.33,2026-07-24,,0
AUSENTE_ANALITICO,170610674,2647844676,1 - ADESAO - INSTALACAO DE ASSINATURA,409,Executada,279.06,2026-07-24,,0
AUSENTE_ANALITICO,170610674,2647844687,43 - ADESAO - INSTALAR PONTO VIRTUA,409,Executada,414.61,2026-07-24,,0
AUSENTE_ANALITICO,170610445,2647823246,1 - ADESAO - INSTALACAO DE ASSINATURA,409,Executada,279.06,2026-07-24,,0
AUSENTE_ANALITICO,170610445,2647823257,43 - ADESAO - INSTALAR PONTO VIRTUA,409,Executada,414.61,2026-07-24,,0
AUSENTE_ANALITICO,170611220,2647910366,1 - ADESAO - INSTALACAO DE ASSINATURA,409,Executada,279.06,2026-07-24,,0
AUSENTE_ANALITICO,170611220,2647910377,43 - ADESAO - INSTALAR PONTO VIRTUA,409,Executada,414.61,2026-07-24,,0
AUSENTE_ANALITICO,168924300,2647401530,24 - MUDANCA DE PACOTE,409,Executada,98.81,2026-07-24,,0
AUSENTE_ANALITICO,169461118,2647397703,12 - MUDANCA DE ENDERECO - INSTALAR ASSINATURA,409,Executada,269.89,2026-07-24,,0
AUSENTE_ANALITICO,169461118,2647397714,45 - MUDANCA DE ENDERECO - INSTALAR PONTO ADICIONAL VIRTUA,409,Executada,199.33,2026-07-24,,0
AUSENTE_ANALITICO,169613953,2647647307,24 - MUDANCA DE PACOTE,409,Executada,98.81,2026-07-24,,0
AUSENTE_ANALITICO,170333433,2647799440,156 - INSTALACAO WIFI MESH,409,Executada,105.38,2026-07-24,,0
AUSENTE_ANALITICO,170333433,2647799451,156 - INSTALACAO WIFI MESH,409,Executada,105.38,2026-07-24,,0
AUSENTE_ANALITICO,170609463,2647653753,516 - ADESAO ENTREGA STREAMING,409,Executada,38.56,2026-07-24,,0
AUSENTE_ANALITICO,170609463,2647653786,43 - ADESAO - INSTALAR PONTO VIRTUA,409,Executada,414.61,2026-07-24,,0
AUSENTE_ANALITICO,170596604,2645674675,1 - ADESAO - INSTALACAO DE ASSINATURA,409,Executada,279.06,2026-07-24,,0
AUSENTE_ANALITICO,170596604,2645674686,43 - ADESAO - INSTALAR PONTO VIRTUA,409,Executada,414.61,2026-07-24,,0
AUSENTE_ANALITICO,170610054,2647767096,1 - ADESAO - INSTALACAO DE ASSINATURA,409,Executada,279.06,2026-07-24,,0
AUSENTE_ANALITICO,170610054,2647767108,43 - ADESAO - INSTALAR PONTO VIRTUA,409,Executada,414.61,2026-07-24,,0
AUSENTE_ANALITICO,170610283,2647794872,1 - ADESAO - INSTALACAO DE ASSINATURA,409,Executada,279.06,2026-07-24,,0
AUSENTE_ANALITICO,170610283,2647794883,43 - ADESAO - INSTALAR PONTO VIRTUA,409,Executada,414.61,2026-07-24,,0
AUSENTE_ANALITICO,170545961,2647489097,15 - MUDANCA DE LOCAL DE PONTO,409,Executada,167.07,2026-07-24,,0
AUSENTE_ANALITICO,170609013,2647597930,1 - ADESAO - INSTALACAO DE ASSINATURA,409,Executada,279.06,2026-07-24,,0
AUSENTE_ANALITICO,170609013,2647597941,43 - ADESAO - INSTALAR PONTO VIRTUA,409,Executada,414.61,2026-07-24,,0
AUSENTE_ANALITICO,170610534,2647832257,1 - ADESAO - INSTALACAO DE ASSINATURA,409,Executada,279.06,2026-07-24,,0
AUSENTE_ANALITICO,170610534,2647832268,43 - ADESAO - INSTALAR PONTO VIRTUA,409,Executada,414.61,2026-07-24,,0
AUSENTE_ANALITICO,170602248,2646583350,1 - ADESAO - INSTALACAO DE ASSINATURA,409,Executada,279.06,2026-07-24,,0
AUSENTE_ANALITICO,170602248,2646583361,43 - ADESAO - INSTALAR PONTO VIRTUA,409,Executada,414.61,2026-07-24,,0
AUSENTE_ANALITICO,170611263,2647917307,1 - ADESAO - INSTALACAO DE ASSINATURA,409,Executada,279.06,2026-07-25,,0
AUSENTE_ANALITICO,170611263,2647917318,43 - ADESAO - INSTALAR PONTO VIRTUA,409,Executada,414.61,2026-07-25,,0
AUSENTE_ANALITICO,170612286,2648074896,516 - ADESAO ENTREGA STREAMING,409,Executada,38.56,2026-07-25,,0
AUSENTE_ANALITICO,170612286,2648074908,43 - ADESAO - INSTALAR PONTO VIRTUA,409,Executada,414.61,2026-07-25,,0
AUSENTE_ANALITICO,170611972,2648043465,1 - ADESAO - INSTALACAO DE ASSINATURA,409,Executada,279.06,2026-07-25,,0
AUSENTE_ANALITICO,170611972,2648043476,43 - ADESAO - INSTALAR PONTO VIRTUA,409,Executada,414.61,2026-07-25,,0
AUSENTE_ANALITICO,167621789,2647931628,24 - MUDANCA DE PACOTE,409,Executada,98.81,2026-07-25,,0
AUSENTE_ANALITICO,170049069,2648036300,156 - INSTALACAO WIFI MESH,409,Executada,105.38,2026-07-25,,0
AUSENTE_ANALITICO,170049069,2648036311,156 - INSTALACAO WIFI MESH,409,Executada,105.38,2026-07-25,,0
AUSENTE_ANALITICO,168397114,2647700813,24 - MUDANCA DE PACOTE,409,Executada,98.81,2026-07-25,,0
AUSENTE_ANALITICO,170612324,2648079598,1 - ADESAO - INSTALACAO DE ASSINATURA,409,Executada,279.06,2026-07-25,,0
AUSENTE_ANALITICO,170612324,2648079600,43 - ADESAO - INSTALAR PONTO VIRTUA,409,Executada,414.61,2026-07-25,,0
AUSENTE_ANALITICO,95419572,2647633009,24 - MUDANCA DE PACOTE,409,Executada,98.81,2026-07-25,,0
AUSENTE_ANALITICO,170611948,2648041788,1 - ADESAO - INSTALACAO DE ASSINATURA,409,Executada,279.06,2026-07-25,,0
AUSENTE_ANALITICO,170611948,2648041799,43 - ADESAO - INSTALAR PONTO VIRTUA,409,Executada,414.61,2026-07-25,,0
AUSENTE_ANALITICO,170611557,2647994830,516 - ADESAO ENTREGA STREAMING,409,Executada,38.56,2026-07-27,,0
AUSENTE_ANALITICO,170611557,2647994841,43 - ADESAO - INSTALAR PONTO VIRTUA,409,Executada,414.61,2026-07-27,,0
AUSENTE_ANALITICO,170612359,2648082187,1 - ADESAO - INSTALACAO DE ASSINATURA,409,Executada,279.06,2026-07-27,,0
AUSENTE_ANALITICO,170612359,2648082198,43 - ADESAO - INSTALAR PONTO VIRTUA,409,Executada,414.61,2026-07-27,,0
AUSENTE_ANALITICO,170612952,2648184168,1 - ADESAO - INSTALACAO DE ASSINATURA,409,Executada,279.06,2026-07-27,,0
AUSENTE_ANALITICO,170612952,2648184179,43 - ADESAO - INSTALAR PONTO VIRTUA,409,Executada,414.61,2026-07-27,,0
AUSENTE_ANALITICO,170612979,2648189950,1 - ADESAO - INSTALACAO DE ASSINATURA,409,Executada,279.06,2026-07-27,,0
AUSENTE_ANALITICO,170612979,2648189961,43 - ADESAO - INSTALAR PONTO VIRTUA,409,Executada,414.61,2026-07-27,,0
AUSENTE_ANALITICO,170610895,2647872385,1 - ADESAO - INSTALACAO DE ASSINATURA,409,Executada,279.06,2026-07-27,,0
AUSENTE_ANALITICO,170610895,2647872396,43 - ADESAO - INSTALAR PONTO VIRTUA,409,Executada,414.61,2026-07-27,,0
AUSENTE_ANALITICO,170611263,2648312475,188 - MANUTENCAO PREVENTIVA INDOOR I,517,Executada,128.51,2026-07-27,,0
AUSENTE_ANALITICO,169838335,2648088026,12 - MUDANCA DE ENDERECO - INSTALAR ASSINATURA,409,Executada,269.89,2026-07-27,,0
AUSENTE_ANALITICO,169838335,2648088037,45 - MUDANCA DE ENDERECO - INSTALAR PONTO ADICIONAL VIRTUA,409,Executada,199.33,2026-07-27,,0
AUSENTE_ANALITICO,170611808,2648028008,1 - ADESAO - INSTALACAO DE ASSINATURA,409,Executada,279.06,2026-07-27,,0
AUSENTE_ANALITICO,170611808,2648028019,43 - ADESAO - INSTALAR PONTO VIRTUA,409,Executada,414.61,2026-07-27,,0
AUSENTE_ANALITICO,168895564,2648198466,24 - MUDANCA DE PACOTE,409,Executada,98.81,2026-07-27,,0
AUSENTE_ANALITICO,170613169,2648228606,1 - ADESAO - INSTALACAO DE ASSINATURA,409,Executada,279.06,2026-07-27,,0
AUSENTE_ANALITICO,170613169,2648228617,43 - ADESAO - INSTALAR PONTO VIRTUA,409,Executada,414.61,2026-07-27,,0
AUSENTE_ANALITICO,170612731,2648156853,1 - ADESAO - INSTALACAO DE ASSINATURA,409,Executada,279.06,2026-07-27,,0
AUSENTE_ANALITICO,170612731,2648156864,43 - ADESAO - INSTALAR PONTO VIRTUA,409,Executada,414.61,2026-07-27,,0
VALOR_ZERO_OU_OUTRO,170578614,2648120922,15 - MUDANCA DE LOCAL DE PONTO,409,Executada,167.07,2026-07-27,,0
AUSENTE_ANALITICO,170611751,2648023946,1 - ADESAO - INSTALACAO DE ASSINATURA,409,Executada,279.06,2026-07-27,,0
AUSENTE_ANALITICO,170611751,2648023957,43 - ADESAO - INSTALAR PONTO VIRTUA,409,Executada,414.61,2026-07-27,,0
AUSENTE_ANALITICO,170606340,2647180039,1 - ADESAO - INSTALACAO DE ASSINATURA,409,Executada,279.06,2026-07-27,,0
AUSENTE_ANALITICO,170606340,2647180040,43 - ADESAO - INSTALAR PONTO VIRTUA,409,Executada,414.61,2026-07-27,,0
AUSENTE_ANALITICO,170611999,2648048156,1 - ADESAO - INSTALACAO DE ASSINATURA,409,Executada,279.06,2026-07-27,,0
AUSENTE_ANALITICO,170611999,2648048167,43 - ADESAO - INSTALAR PONTO VIRTUA,409,Executada,414.61,2026-07-27,,0
AUSENTE_ANALITICO,170613355,2648252108,1 - ADESAO - INSTALACAO DE ASSINATURA,409,Executada,279.06,2026-07-27,,0
AUSENTE_ANALITICO,170613355,2648252119,43 - ADESAO - INSTALAR PONTO VIRTUA,409,Executada,414.61,2026-07-27,,0
AUSENTE_ANALITICO,170612537,2648115915,1 - ADESAO - INSTALACAO DE ASSINATURA,409,Executada,279.06,2026-07-27,,0
AUSENTE_ANALITICO,170612537,2648115926,43 - ADESAO - INSTALAR PONTO VIRTUA,409,Executada,414.61,2026-07-27,,0
AUSENTE_ANALITICO,169338138,2648077596,156 - INSTALACAO WIFI MESH,409,Executada,105.38,2026-07-27,,0
AUSENTE_ANALITICO,170613320,2648248484,1 - ADESAO - INSTALACAO DE ASSINATURA,409,Executada,279.06,2026-07-27,,0
AUSENTE_ANALITICO,170613320,2648248495,43 - ADESAO - INSTALAR PONTO VIRTUA,409,Executada,414.61,2026-07-27,,0
AUSENTE_ANALITICO,170612790,2648162243,516 - ADESAO ENTREGA STREAMING,409,Executada,38.56,2026-07-27,,0
AUSENTE_ANALITICO,170612790,2648162254,43 - ADESAO - INSTALAR PONTO VIRTUA,409,Executada,414.61,2026-07-27,,0
AUSENTE_ANALITICO,170613703,2648308278,1 - ADESAO - INSTALACAO DE ASSINATURA,409,Executada,279.06,2026-07-28,,0
AUSENTE_ANALITICO,170613703,2648308289,43 - ADESAO - INSTALAR PONTO VIRTUA,409,Executada,414.61,2026-07-28,,0
AUSENTE_ANALITICO,170614629,2648411633,1 - ADESAO - INSTALACAO DE ASSINATURA,409,Executada,279.06,2026-07-28,,0
AUSENTE_ANALITICO,170614629,2648411644,43 - ADESAO - INSTALAR PONTO VIRTUA,409,Executada,414.61,2026-07-28,,0
AUSENTE_ANALITICO,170611395,2647966570,1 - ADESAO - INSTALACAO DE ASSINATURA,409,Executada,279.06,2026-07-28,,0
AUSENTE_ANALITICO,170611395,2647966581,43 - ADESAO - INSTALAR PONTO VIRTUA,409,Executada,414.61,2026-07-28,,0
AUSENTE_ANALITICO,170610240,2647792218,1 - ADESAO - INSTALACAO DE ASSINATURA,409,Executada,279.06,2026-07-28,,0
AUSENTE_ANALITICO,170610240,2647792229,43 - ADESAO - INSTALAR PONTO VIRTUA,409,Executada,414.61,2026-07-28,,0
AUSENTE_ANALITICO,170610240,2647792241,156 - INSTALACAO WIFI MESH,409,Executada,105.38,2026-07-28,,0
AUSENTE_ANALITICO,170610240,2647792252,156 - INSTALACAO WIFI MESH,409,Executada,105.38,2026-07-28,,0
AUSENTE_ANALITICO,170614920,2648438508,1 - ADESAO - INSTALACAO DE ASSINATURA,409,Executada,279.06,2026-07-28,,0
AUSENTE_ANALITICO,170614920,2648438519,43 - ADESAO - INSTALAR PONTO VIRTUA,409,Executada,414.61,2026-07-28,,0
AUSENTE_ANALITICO,170610984,2647881532,1 - ADESAO - INSTALACAO DE ASSINATURA,409,Executada,279.06,2026-07-28,,0
AUSENTE_ANALITICO,170610984,2647881554,43 - ADESAO - INSTALAR PONTO VIRTUA,409,Executada,414.61,2026-07-28,,0
AUSENTE_ANALITICO,170614025,2648356170,1 - ADESAO - INSTALACAO DE ASSINATURA,409,Executada,279.06,2026-07-28,,0
AUSENTE_ANALITICO,170614025,2648356181,43 - ADESAO - INSTALAR PONTO VIRTUA,409,Executada,414.61,2026-07-28,,0
AUSENTE_ANALITICO,170613622,2648298412,1 - ADESAO - INSTALACAO DE ASSINATURA,409,Executada,279.06,2026-07-28,,0
AUSENTE_ANALITICO,170613622,2648298423,43 - ADESAO - INSTALAR PONTO VIRTUA,409,Executada,414.61,2026-07-28,,0
AUSENTE_ANALITICO,170613258,2648241601,1 - ADESAO - INSTALACAO DE ASSINATURA,409,Executada,279.06,2026-07-28,,0
AUSENTE_ANALITICO,170613258,2648241612,43 - ADESAO - INSTALAR PONTO VIRTUA,409,Executada,414.61,2026-07-28,,0
AUSENTE_ANALITICO,170614580,2648409360,1 - ADESAO - INSTALACAO DE ASSINATURA,409,Executada,279.06,2026-07-28,,0
AUSENTE_ANALITICO,170614580,2648409371,43 - ADESAO - INSTALAR PONTO VIRTUA,409,Executada,414.61,2026-07-28,,0
AUSENTE_ANALITICO,170613967,2648349745,1 - ADESAO - INSTALACAO DE ASSINATURA,409,Executada,279.06,2026-07-28,,0
AUSENTE_ANALITICO,170613967,2648349756,43 - ADESAO - INSTALAR PONTO VIRTUA,409,Executada,414.61,2026-07-28,,0
AUSENTE_ANALITICO,170612634,2648136693,1 - ADESAO - INSTALACAO DE ASSINATURA,409,Executada,279.06,2026-07-28,,0
AUSENTE_ANALITICO,170612634,2648136705,43 - ADESAO - INSTALAR PONTO VIRTUA,409,Executada,414.61,2026-07-28,,0
AUSENTE_ANALITICO,170614335,2648390358,1 - ADESAO - INSTALACAO DE ASSINATURA,409,Executada,279.06,2026-07-28,,0
AUSENTE_ANALITICO,170614335,2648390369,43 - ADESAO - INSTALAR PONTO VIRTUA,409,Executada,414.61,2026-07-28,,0
AUSENTE_ANALITICO,170613738,2648309921,1 - ADESAO - INSTALACAO DE ASSINATURA,409,Executada,279.06,2026-07-28,,0
AUSENTE_ANALITICO,170613738,2648309932,43 - ADESAO - INSTALAR PONTO VIRTUA,409,Executada,414.61,2026-07-28,,0
AUSENTE_ANALITICO,170606472,2647195439,1 - ADESAO - INSTALACAO DE ASSINATURA,409,Executada,279.06,2026-07-28,,0
AUSENTE_ANALITICO,170606472,2647195440,43 - ADESAO - INSTALAR PONTO VIRTUA,409,Executada,414.61,2026-07-28,,0
AUSENTE_ANALITICO,168091074,2648291392,156 - INSTALACAO WIFI MESH,409,Executada,105.38,2026-07-28,,0
AUSENTE_ANALITICO,168091074,2648291404,156 - INSTALACAO WIFI MESH,409,Executada,105.38,2026-07-28,,0
AUSENTE_ANALITICO,170614254,2648380414,1 - ADESAO - INSTALACAO DE ASSINATURA,409,Executada,279.06,2026-07-28,,0
AUSENTE_ANALITICO,170614254,2648380425,43 - ADESAO - INSTALAR PONTO VIRTUA,409,Executada,414.61,2026-07-28,,0
AUSENTE_ANALITICO,170609986,2647730243,1 - ADESAO - INSTALACAO DE ASSINATURA,409,Executada,279.06,2026-07-28,,0
AUSENTE_ANALITICO,170609986,2647730254,43 - ADESAO - INSTALAR PONTO VIRTUA,409,Executada,414.61,2026-07-28,,0
AUSENTE_ANALITICO,170612766,2648160904,1 - ADESAO - INSTALACAO DE ASSINATURA,409,Executada,279.06,2026-07-28,,0
AUSENTE_ANALITICO,170612766,2648160915,43 - ADESAO - INSTALAR PONTO VIRTUA,409,Executada,414.61,2026-07-28,,0
AUSENTE_ANALITICO,170613886,2648339665,1 - ADESAO - INSTALACAO DE ASSINATURA,409,Executada,279.06,2026-07-28,,0
AUSENTE_ANALITICO,170613886,2648339676,43 - ADESAO - INSTALAR PONTO VIRTUA,409,Executada,414.61,2026-07-28,,0
AUSENTE_ANALITICO,170612227,2648064996,1 - ADESAO - INSTALACAO DE ASSINATURA,409,Executada,279.06,2026-07-28,,0
AUSENTE_ANALITICO,170612227,2648065009,43 - ADESAO - INSTALAR PONTO VIRTUA,409,Executada,414.61,2026-07-28,,0
AUSENTE_ANALITICO,170614467,2648398110,1 - ADESAO - INSTALACAO DE ASSINATURA,409,Executada,279.06,2026-07-28,,0
AUSENTE_ANALITICO,170614467,2648398121,43 - ADESAO - INSTALAR PONTO VIRTUA,409,Executada,414.61,2026-07-28,,0
AUSENTE_ANALITICO,170615552,2648538835,1 - ADESAO - INSTALACAO DE ASSINATURA,409,Executada,279.06,2026-07-29,,0
AUSENTE_ANALITICO,170615552,2648538846,43 - ADESAO - INSTALAR PONTO VIRTUA,409,Executada,414.61,2026-07-29,,0
AUSENTE_ANALITICO,170614858,2648432591,1 - ADESAO - INSTALACAO DE ASSINATURA,409,Executada,279.06,2026-07-29,,0
AUSENTE_ANALITICO,170614858,2648432603,43 - ADESAO - INSTALAR PONTO VIRTUA,409,Executada,414.61,2026-07-29,,0
AUSENTE_ANALITICO,170614882,2648435662,1 - ADESAO - INSTALACAO DE ASSINATURA,409,Executada,279.06,2026-07-29,,0
AUSENTE_ANALITICO,170614882,2648435673,43 - ADESAO - INSTALAR PONTO VIRTUA,409,Executada,414.61,2026-07-29,,0
AUSENTE_ANALITICO,170132101,2648517595,24 - MUDANCA DE PACOTE,409,Executada,98.81,2026-07-29,,0
AUSENTE_ANALITICO,170611794,2648027928,1 - ADESAO - INSTALACAO DE ASSINATURA,409,Executada,279.06,2026-07-29,,0
AUSENTE_ANALITICO,170611794,2648027939,43 - ADESAO - INSTALAR PONTO VIRTUA,409,Executada,414.61,2026-07-29,,0
AUSENTE_ANALITICO,170615218,2648482529,1 - ADESAO - INSTALACAO DE ASSINATURA,409,Executada,279.06,2026-07-29,,0
AUSENTE_ANALITICO,170615218,2648482541,43 - ADESAO - INSTALAR PONTO VIRTUA,409,Executada,414.61,2026-07-29,,0
AUSENTE_ANALITICO,170612618,2648135063,1 - ADESAO - INSTALACAO DE ASSINATURA,409,Executada,279.06,2026-07-29,,0
AUSENTE_ANALITICO,170612618,2648135074,43 - ADESAO - INSTALAR PONTO VIRTUA,409,Executada,414.61,2026-07-29,,0
AUSENTE_ANALITICO,170614300,2648385925,1 - ADESAO - INSTALACAO DE ASSINATURA,409,Executada,279.06,2026-07-29,,0
AUSENTE_ANALITICO,170614300,2648385936,43 - ADESAO - INSTALAR PONTO VIRTUA,409,Executada,414.61,2026-07-29,,0
AUSENTE_ANALITICO,170615820,2648572811,1 - ADESAO - INSTALACAO DE ASSINATURA,409,Executada,279.06,2026-07-29,,0
AUSENTE_ANALITICO,170615820,2648572822,43 - ADESAO - INSTALAR PONTO VIRTUA,409,Executada,414.61,2026-07-29,,0
AUSENTE_ANALITICO,168298787,2648302238,156 - INSTALACAO WIFI MESH,409,Executada,105.38,2026-07-29,,0
AUSENTE_ANALITICO,168298787,2648302249,156 - INSTALACAO WIFI MESH,409,Executada,105.38,2026-07-29,,0
AUSENTE_ANALITICO,170615722,2648564092,1 - ADESAO - INSTALACAO DE ASSINATURA,409,Executada,279.06,2026-07-29,,0
AUSENTE_ANALITICO,170615722,2648564104,43 - ADESAO - INSTALAR PONTO VIRTUA,409,Executada,414.61,2026-07-29,,0
AUSENTE_ANALITICO,170616079,2648595669,1 - ADESAO - INSTALACAO DE ASSINATURA,409,Executada,279.06,2026-07-29,,0
AUSENTE_ANALITICO,170616079,2648595670,43 - ADESAO - INSTALAR PONTO VIRTUA,409,Executada,414.61,2026-07-29,,0
AUSENTE_ANALITICO,170614645,2648413916,1 - ADESAO - INSTALACAO DE ASSINATURA,409,Executada,279.06,2026-07-29,,0
AUSENTE_ANALITICO,170614645,2648413927,43 - ADESAO - INSTALAR PONTO VIRTUA,409,Executada,414.61,2026-07-29,,0
AUSENTE_ANALITICO,169099486,2648353054,15 - MUDANCA DE LOCAL DE PONTO,409,Executada,167.07,2026-07-29,,0
AUSENTE_ANALITICO,170614483,2648400271,1 - ADESAO - INSTALACAO DE ASSINATURA,409,Executada,279.06,2026-07-29,,0
AUSENTE_ANALITICO,170614483,2648400282,43 - ADESAO - INSTALAR PONTO VIRTUA,409,Executada,414.61,2026-07-29,,0
AUSENTE_ANALITICO,170614394,2648394587,1 - ADESAO - INSTALACAO DE ASSINATURA,409,Executada,279.06,2026-07-29,,0
AUSENTE_ANALITICO,170614394,2648394598,43 - ADESAO - INSTALAR PONTO VIRTUA,409,Executada,414.61,2026-07-29,,0
AUSENTE_ANALITICO,170615013,2648446675,1 - ADESAO - INSTALACAO DE ASSINATURA,409,Executada,279.06,2026-07-29,,0
AUSENTE_ANALITICO,170615013,2648446686,43 - ADESAO - INSTALAR PONTO VIRTUA,409,Executada,414.61,2026-07-29,,0
AUSENTE_ANALITICO,168913635,2648499998,45 - MUDANCA DE ENDERECO - INSTALAR PONTO ADICIONAL VIRTUA,409,Executada,199.33,2026-07-29,,0
AUSENTE_ANALITICO,170615803,2648570583,1 - ADESAO - INSTALACAO DE ASSINATURA,409,Executada,279.06,2026-07-29,,0
AUSENTE_ANALITICO,170615803,2648570594,43 - ADESAO - INSTALAR PONTO VIRTUA,409,Executada,414.61,2026-07-29,,0
AUSENTE_ANALITICO,170613088,2648202293,1 - ADESAO - INSTALACAO DE ASSINATURA,409,Executada,279.06,2026-07-29,,0
AUSENTE_ANALITICO,170613088,2648202305,43 - ADESAO - INSTALAR PONTO VIRTUA,409,Executada,414.61,2026-07-29,,0
AUSENTE_ANALITICO,170614440,2648397041,1 - ADESAO - INSTALACAO DE ASSINATURA,409,Executada,279.06,2026-07-29,,0
AUSENTE_ANALITICO,170614440,2648397052,43 - ADESAO - INSTALAR PONTO VIRTUA,409,Executada,414.61,2026-07-29,,0
AUSENTE_ANALITICO,170614955,2648440253,516 - ADESAO ENTREGA STREAMING,409,Executada,38.56,2026-07-29,,0
AUSENTE_ANALITICO,170614955,2648440264,43 - ADESAO - INSTALAR PONTO VIRTUA,409,Executada,414.61,2026-07-29,,0
AUSENTE_ANALITICO,170614190,2648375340,1 - ADESAO - INSTALACAO DE ASSINATURA,409,Executada,279.06,2026-07-29,,0
AUSENTE_ANALITICO,170614190,2648375351,43 - ADESAO - INSTALAR PONTO VIRTUA,409,Executada,414.61,2026-07-29,,0
AUSENTE_ANALITICO,170100340,2648580876,156 - INSTALACAO WIFI MESH,409,Executada,105.38,2026-07-29,,0
AUSENTE_ANALITICO,170100340,2648580887,156 - INSTALACAO WIFI MESH,409,Executada,105.38,2026-07-29,,0
AUSENTE_ANALITICO,170615986,2648584432,1 - ADESAO - INSTALACAO DE ASSINATURA,409,Executada,279.06,2026-07-30,,0
AUSENTE_ANALITICO,170615986,2648584443,43 - ADESAO - INSTALAR PONTO VIRTUA,409,Executada,414.61,2026-07-30,,0
AUSENTE_ANALITICO,169981944,2648607472,12 - MUDANCA DE ENDERECO - INSTALAR ASSINATURA,409,Executada,269.89,2026-07-30,,0
AUSENTE_ANALITICO,169981944,2648607483,45 - MUDANCA DE ENDERECO - INSTALAR PONTO ADICIONAL VIRTUA,409,Executada,199.33,2026-07-30,,0
AUSENTE_ANALITICO,170616257,2648610454,1 - ADESAO - INSTALACAO DE ASSINATURA,409,Executada,279.06,2026-07-30,,0
AUSENTE_ANALITICO,170616257,2648610465,43 - ADESAO - INSTALAR PONTO VIRTUA,409,Executada,414.61,2026-07-30,,0
AUSENTE_ANALITICO,170458759,2646418896,33 - REINSTALACAO - ASSINATURA,409,Executada,115.67,2026-07-30,,0
AUSENTE_ANALITICO,170458759,2646418908,46 - REINSTALACAO - PONTO ADICIONAL VIRTUA,409,Executada,199.33,2026-07-30,,0
AUSENTE_ANALITICO,170616192,2648603715,1 - ADESAO - INSTALACAO DE ASSINATURA,409,Executada,279.06,2026-07-30,,0
AUSENTE_ANALITICO,170616192,2648603726,43 - ADESAO - INSTALAR PONTO VIRTUA,409,Executada,414.61,2026-07-30,,0
AUSENTE_ANALITICO,169228871,2648698540,156 - INSTALACAO WIFI MESH,409,Executada,105.38,2026-07-30,,0
AUSENTE_ANALITICO,169228871,2648698551,156 - INSTALACAO WIFI MESH,409,Executada,105.38,2026-07-30,,0
AUSENTE_ANALITICO,170596000,2645536841,516 - ADESAO ENTREGA STREAMING,409,Executada,38.56,2026-07-30,,0
AUSENTE_ANALITICO,170596000,2645536852,43 - ADESAO - INSTALAR PONTO VIRTUA,409,Executada,414.61,2026-07-30,,0
AUSENTE_ANALITICO,170615862,2648574790,1 - ADESAO - INSTALACAO DE ASSINATURA,409,Executada,279.06,2026-07-30,,0
AUSENTE_ANALITICO,170615862,2648574802,43 - ADESAO - INSTALAR PONTO VIRTUA,409,Executada,414.61,2026-07-30,,0
AUSENTE_ANALITICO,170616958,2648704997,1 - ADESAO - INSTALACAO DE ASSINATURA,409,Executada,279.06,2026-07-30,,0
AUSENTE_ANALITICO,170616958,2648705000,43 - ADESAO - INSTALAR PONTO VIRTUA,409,Executada,414.61,2026-07-30,,0
AUSENTE_ANALITICO,170617180,2648763914,1 - ADESAO - INSTALACAO DE ASSINATURA,409,Executada,279.06,2026-07-30,,0
AUSENTE_ANALITICO,170617180,2648763925,43 - ADESAO - INSTALAR PONTO VIRTUA,409,Executada,414.61,2026-07-30,,0
AUSENTE_ANALITICO,170617032,2648712895,1 - ADESAO - INSTALACAO DE ASSINATURA,409,Executada,279.06,2026-07-30,,0
AUSENTE_ANALITICO,170617032,2648712907,43 - ADESAO - INSTALAR PONTO VIRTUA,409,Executada,414.61,2026-07-30,,0
AUSENTE_ANALITICO,170616915,2648701107,1 - ADESAO - INSTALACAO DE ASSINATURA,409,Executada,279.06,2026-07-30,,0
AUSENTE_ANALITICO,170616915,2648701118,43 - ADESAO - INSTALAR PONTO VIRTUA,409,Executada,414.61,2026-07-30,,0
AUSENTE_ANALITICO,170617741,2648832270,1 - ADESAO - INSTALACAO DE ASSINATURA,409,Executada,279.06,2026-07-30,,0
AUSENTE_ANALITICO,170617741,2648832281,43 - ADESAO - INSTALAR PONTO VIRTUA,409,Executada,414.61,2026-07-30,,0
AUSENTE_ANALITICO,170613088,2648889878,188 - MANUTENCAO PREVENTIVA INDOOR I,517,Executada,128.51,2026-07-30,,0
AUSENTE_ANALITICO,170616974,2648705853,1 - ADESAO - INSTALACAO DE ASSINATURA,409,Executada,279.06,2026-07-30,,0
AUSENTE_ANALITICO,170616974,2648705864,43 - ADESAO - INSTALAR PONTO VIRTUA,409,Executada,414.61,2026-07-30,,0
AUSENTE_ANALITICO,170617113,2648732077,1 - ADESAO - INSTALACAO DE ASSINATURA,409,Executada,279.06,2026-07-30,,0
AUSENTE_ANALITICO,170617113,2648732099,43 - ADESAO - INSTALAR PONTO VIRTUA,409,Executada,414.61,2026-07-30,,0
AUSENTE_ANALITICO,170614718,2648421353,1 - ADESAO - INSTALACAO DE ASSINATURA,409,Executada,279.06,2026-07-30,,0
AUSENTE_ANALITICO,170614718,2648421364,43 - ADESAO - INSTALAR PONTO VIRTUA,409,Executada,414.61,2026-07-30,,0
AUSENTE_ANALITICO,170611522,2647987607,1 - ADESAO - INSTALACAO DE ASSINATURA,409,Executada,279.06,2026-07-30,,0
AUSENTE_ANALITICO,170611522,2647987618,43 - ADESAO - INSTALAR PONTO VIRTUA,409,Executada,414.61,2026-07-30,,0
AUSENTE_ANALITICO,170616206,2648604378,1 - ADESAO - INSTALACAO DE ASSINATURA,409,Executada,279.06,2026-07-30,,0
AUSENTE_ANALITICO,170616206,2648604389,43 - ADESAO - INSTALAR PONTO VIRTUA,409,Executada,414.61,2026-07-30,,0
AUSENTE_ANALITICO,170617245,2648771249,1 - ADESAO - INSTALACAO DE ASSINATURA,409,Executada,279.06,2026-07-30,,0
AUSENTE_ANALITICO,170617245,2648771250,43 - ADESAO - INSTALAR PONTO VIRTUA,409,Executada,414.61,2026-07-30,,0
AUSENTE_ANALITICO,170617369,2648788360,1 - ADESAO - INSTALACAO DE ASSINATURA,409,Executada,279.06,2026-07-30,,0
AUSENTE_ANALITICO,170617369,2648788371,43 - ADESAO - INSTALAR PONTO VIRTUA,409,Executada,414.61,2026-07-30,,0
AUSENTE_ANALITICO,170612880,2648174178,1 - ADESAO - INSTALACAO DE ASSINATURA,409,Executada,279.06,2026-07-30,,0
AUSENTE_ANALITICO,170612880,2648174189,43 - ADESAO - INSTALAR PONTO VIRTUA,409,Executada,414.61,2026-07-30,,0
AUSENTE_ANALITICO,170616966,2648705381,1 - ADESAO - INSTALACAO DE ASSINATURA,409,Executada,279.06,2026-07-30,,0
AUSENTE_ANALITICO,170616966,2648705392,43 - ADESAO - INSTALAR PONTO VIRTUA,409,Executada,414.61,2026-07-30,,0
AUSENTE_ANALITICO,170614327,2648389020,1 - ADESAO - INSTALACAO DE ASSINATURA,409,Executada,279.06,2026-07-31,,0
AUSENTE_ANALITICO,170614327,2648389031,43 - ADESAO - INSTALAR PONTO VIRTUA,409,Executada,414.61,2026-07-31,,0
AUSENTE_ANALITICO,169856333,2648490506,45 - MUDANCA DE ENDERECO - INSTALAR PONTO ADICIONAL VIRTUA,409,Executada,199.33,2026-07-31,,0
AUSENTE_ANALITICO,170266302,2648355348,12 - MUDANCA DE ENDERECO - INSTALAR ASSINATURA,409,Executada,269.89,2026-07-31,,0
AUSENTE_ANALITICO,170266302,2648355359,45 - MUDANCA DE ENDERECO - INSTALAR PONTO ADICIONAL VIRTUA,409,Executada,199.33,2026-07-31,,0
AUSENTE_ANALITICO,170618128,2648871903,516 - ADESAO ENTREGA STREAMING,409,Executada,38.56,2026-07-31,,0
AUSENTE_ANALITICO,170618128,2648871914,43 - ADESAO - INSTALAR PONTO VIRTUA,409,Executada,414.61,2026-07-31,,0
AUSENTE_ANALITICO,170618136,2648882725,1 - ADESAO - INSTALACAO DE ASSINATURA,409,Executada,279.06,2026-07-31,,0
AUSENTE_ANALITICO,170618136,2648882736,43 - ADESAO - INSTALAR PONTO VIRTUA,409,Executada,414.61,2026-07-31,,0
AUSENTE_ANALITICO,170619108,2649015780,1 - ADESAO - INSTALACAO DE ASSINATURA,409,Executada,279.06,2026-07-31,,0
AUSENTE_ANALITICO,170619108,2649015791,43 - ADESAO - INSTALAR PONTO VIRTUA,409,Executada,414.61,2026-07-31,,0
AUSENTE_ANALITICO,170618268,2648909848,1 - ADESAO - INSTALACAO DE ASSINATURA,409,Executada,279.06,2026-07-31,,0
AUSENTE_ANALITICO,170618268,2648909859,43 - ADESAO - INSTALAR PONTO VIRTUA,409,Executada,414.61,2026-07-31,,0
AUSENTE_ANALITICO,170615706,2648560526,516 - ADESAO ENTREGA STREAMING,409,Executada,38.56,2026-07-31,,0
AUSENTE_ANALITICO,170615706,2648560537,43 - ADESAO - INSTALAR PONTO VIRTUA,409,Executada,414.61,2026-07-31,,0
AUSENTE_ANALITICO,169888049,2648911436,12 - MUDANCA DE ENDERECO - INSTALAR ASSINATURA,409,Executada,269.89,2026-07-31,,0
AUSENTE_ANALITICO,169888049,2648911447,45 - MUDANCA DE ENDERECO - INSTALAR PONTO ADICIONAL VIRTUA,409,Executada,199.33,2026-07-31,,0
AUSENTE_ANALITICO,170617806,2648835105,1 - ADESAO - INSTALACAO DE ASSINATURA,409,Executada,279.06,2026-07-31,,0
AUSENTE_ANALITICO,170617806,2648835116,43 - ADESAO - INSTALAR PONTO VIRTUA,409,Executada,414.61,2026-07-31,,0
AUSENTE_ANALITICO,170618144,2648882770,1 - ADESAO - INSTALACAO DE ASSINATURA,409,Executada,279.06,2026-07-31,,0
AUSENTE_ANALITICO,170618144,2648882781,43 - ADESAO - INSTALAR PONTO VIRTUA,409,Executada,414.61,2026-07-31,,0
AUSENTE_ANALITICO,170614572,2648408729,1 - ADESAO - INSTALACAO DE ASSINATURA,409,Executada,279.06,2026-07-31,,0
AUSENTE_ANALITICO,170614572,2648408730,43 - ADESAO - INSTALAR PONTO VIRTUA,409,Executada,414.61,2026-07-31,,0
AUSENTE_ANALITICO,170615781,2648569581,1 - ADESAO - INSTALACAO DE ASSINATURA,409,Executada,279.06,2026-07-31,,0
AUSENTE_ANALITICO,170615781,2648569592,43 - ADESAO - INSTALAR PONTO VIRTUA,409,Executada,414.61,2026-07-31,,0
AUSENTE_ANALITICO,170618578,2648946243,1 - ADESAO - INSTALACAO DE ASSINATURA,409,Executada,279.06,2026-07-31,,0
AUSENTE_ANALITICO,170618578,2648946254,43 - ADESAO - INSTALAR PONTO VIRTUA,409,Executada,414.61,2026-07-31,,0
AUSENTE_ANALITICO,170618098,2648869719,1 - ADESAO - INSTALACAO DE ASSINATURA,409,Executada,279.06,2026-07-31,,0
AUSENTE_ANALITICO,170618098,2648869720,43 - ADESAO - INSTALAR PONTO VIRTUA,409,Executada,414.61,2026-07-31,,0
AUSENTE_ANALITICO,170619329,2649046795,1 - ADESAO - INSTALACAO DE ASSINATURA,409,Executada,279.06,2026-07-31,,0
AUSENTE_ANALITICO,170619329,2649046807,43 - ADESAO - INSTALAR PONTO VIRTUA,409,Executada,414.61,2026-07-31,,0
AUSENTE_ANALITICO,170618390,2648926858,1 - ADESAO - INSTALACAO DE ASSINATURA,409,Executada,279.06,2026-07-31,,0
AUSENTE_ANALITICO,170618390,2648926869,43 - ADESAO - INSTALAR PONTO VIRTUA,409,Executada,414.61,2026-07-31,,0
AUSENTE_ANALITICO,169765575,2648943048,12 - MUDANCA DE ENDERECO - INSTALAR ASSINATURA,409,Executada,269.89,2026-07-31,,0
AUSENTE_ANALITICO,169765575,2648943059,45 - MUDANCA DE ENDERECO - INSTALAR PONTO ADICIONAL VIRTUA,409,Executada,199.33,2026-07-31,,0
AUSENTE_ANALITICO,170617610,2648819118,1 - ADESAO - INSTALACAO DE ASSINATURA,409,Executada,279.06,2026-07-31,,0
AUSENTE_ANALITICO,170617610,2648819129,43 - ADESAO - INSTALAR PONTO VIRTUA,409,Executada,414.61,2026-07-31,,0
AUSENTE_ANALITICO,170617083,2648720041,1 - ADESAO - INSTALACAO DE ASSINATURA,409,Executada,279.06,2026-07-31,,0
AUSENTE_ANALITICO,170617083,2648720074,43 - ADESAO - INSTALAR PONTO VIRTUA,409,Executada,414.61,2026-07-31,,0
AUSENTE_ANALITICO,170614254,2649138371,188 - MANUTENCAO PREVENTIVA INDOOR I,527,Executada,128.51,2026-07-31,,0
AUSENTE_ANALITICO,170618500,2648937108,1 - ADESAO - INSTALACAO DE ASSINATURA,409,Executada,279.06,2026-07-31,,0
AUSENTE_ANALITICO,170618500,2648937119,43 - ADESAO - INSTALAR PONTO VIRTUA,409,Executada,414.61,2026-07-31,,0
AUSENTE_ANALITICO,170618020,2648864039,1 - ADESAO - INSTALACAO DE ASSINATURA,409,Executada,279.06,2026-07-31,,0
AUSENTE_ANALITICO,170618020,2648864040,43 - ADESAO - INSTALAR PONTO VIRTUA,409,Executada,414.61,2026-07-31,,0
AUSENTE_ANALITICO,170618853,2648982300,1 - ADESAO - INSTALACAO DE ASSINATURA,409,Executada,279.06,2026-07-31,,0
AUSENTE_ANALITICO,170618853,2648982322,43 - ADESAO - INSTALAR PONTO VIRTUA,409,Executada,414.61,2026-07-31,,0